,path,crop,croplabel,path1
0,/kaggle/input/kag2/sugarcane/sugarcane037ahs.jpeg,sugarcane,3,kaggle/input/kag2/sugarcane/sugarcane037ahs.jpeg
1,/kaggle/input/kag2/sugarcane/sugarcane034a.jpeg,sugarcane,3,kaggle/input/kag2/sugarcane/sugarcane034a.jpeg
2,/kaggle/input/kag2/sugarcane/sugarcane032arot.jpeg,sugarcane,3,kaggle/input/kag2/sugarcane/sugarcane032arot.jpeg
3,/kaggle/input/kag2/sugarcane/sugarcane036ahs.jpeg,sugarcane,3,kaggle/input/kag2/sugarcane/sugarcane036ahs.jpeg
4,/kaggle/input/kag2/sugarcane/sugarcane023ahs.jpeg,sugarcane,3,kaggle/input/kag2/sugarcane/sugarcane023ahs.jpeg
5,/kaggle/input/kag2/sugarcane/sugarcane026a.jpeg,sugarcane,3,kaggle/input/kag2/sugarcane/sugarcane026a.jpeg
6,/kaggle/input/kag2/sugarcane/sugarcane0003ahs.jpeg,sugarcane,3,kaggle/input/kag2/sugarcane/sugarcane0003ahs.jpeg
7,/kaggle/input/kag2/sugarcane/sugarcane017arot.jpeg,sugarcane,3,kaggle/input/kag2/sugarcane/sugarcane017arot.jpeg
8,/kaggle/input/kag2/sugarcane/sugarcane005ahf.jpeg,sugarcane,3,kaggle/input/kag2/sugarcane/sugarcane005ahf.jpeg
9,/kaggle/input/kag2/sugarcane/sugarcane027arot.jpeg,sugarcane,3,kaggle/input/kag2/sugarcane/sugarcane027arot.jpeg
10,/kaggle/input/kag2/sugarcane/sugarcane013ahs.jpeg,sugarcane,3,kaggle/input/kag2/sugarcane/sugarcane013ahs.jpeg
11,/kaggle/input/kag2/sugarcane/sugarcane014a.jpeg,sugarcane,3,kaggle/input/kag2/sugarcane/sugarcane014a.jpeg
12,/kaggle/input/kag2/sugarcane/sugarcane016ahf.jpeg,sugarcane,3,kaggle/input/kag2/sugarcane/sugarcane016ahf.jpeg
13,/kaggle/input/kag2/sugarcane/sugarcane028a.jpeg,sugarcane,3,kaggle/input/kag2/sugarcane/sugarcane028a.jpeg
14,/kaggle/input/kag2/sugarcane/sugarcane027ahf.jpeg,sugarcane,3,kaggle/input/kag2/sugarcane/sugarcane027ahf.jpeg
15,/kaggle/input/kag2/sugarcane/sugarcane016arot.jpeg,sugarcane,3,kaggle/input/kag2/sugarcane/sugarcane016arot.jpeg
16,/kaggle/input/kag2/sugarcane/sugarcane019ahs.jpeg,sugarcane,3,kaggle/input/kag2/sugarcane/sugarcane019ahs.jpeg
17,/kaggle/input/kag2/sugarcane/sugarcane0004arot.jpeg,sugarcane,3,kaggle/input/kag2/sugarcane/sugarcane0004arot.jpeg
18,/kaggle/input/kag2/sugarcane/sugarcane009arot.jpeg,sugarcane,3,kaggle/input/kag2/sugarcane/sugarcane009arot.jpeg
19,/kaggle/input/kag2/sugarcane/sugarcane034ahs.jpeg,sugarcane,3,kaggle/input/kag2/sugarcane/sugarcane034ahs.jpeg
20,/kaggle/input/kag2/sugarcane/sugarcane027a.jpeg,sugarcane,3,kaggle/input/kag2/sugarcane/sugarcane027a.jpeg
21,/kaggle/input/kag2/sugarcane/sugarcane025arot.jpeg,sugarcane,3,kaggle/input/kag2/sugarcane/sugarcane025arot.jpeg
22,/kaggle/input/kag2/sugarcane/sugarcane030ahf.jpeg,sugarcane,3,kaggle/input/kag2/sugarcane/sugarcane030ahf.jpeg
23,/kaggle/input/kag2/sugarcane/sugarcane009a.jpeg,sugarcane,3,kaggle/input/kag2/sugarcane/sugarcane009a.jpeg
24,/kaggle/input/kag2/sugarcane/sugarcane031a.jpeg,sugarcane,3,kaggle/input/kag2/sugarcane/sugarcane031a.jpeg
25,/kaggle/input/kag2/sugarcane/sugarcane0002arot.jpeg,sugarcane,3,kaggle/input/kag2/sugarcane/sugarcane0002arot.jpeg
26,/kaggle/input/kag2/sugarcane/sugarcane028ahs.jpeg,sugarcane,3,kaggle/input/kag2/sugarcane/sugarcane028ahs.jpeg
27,/kaggle/input/kag2/sugarcane/sugarcane020ahs.jpeg,sugarcane,3,kaggle/input/kag2/sugarcane/sugarcane020ahs.jpeg
28,/kaggle/input/kag2/sugarcane/sugarcane021arot.jpeg,sugarcane,3,kaggle/input/kag2/sugarcane/sugarcane021arot.jpeg
29,/kaggle/input/kag2/sugarcane/sugarcane0003ahf.jpeg,sugarcane,3,kaggle/input/kag2/sugarcane/sugarcane0003ahf.jpeg
30,/kaggle/input/kag2/sugarcane/sugarcane008ahs.jpeg,sugarcane,3,kaggle/input/kag2/sugarcane/sugarcane008ahs.jpeg
31,/kaggle/input/kag2/sugarcane/sugarcane016a.jpeg,sugarcane,3,kaggle/input/kag2/sugarcane/sugarcane016a.jpeg
32,/kaggle/input/kag2/sugarcane/sugarcane025ahs.jpeg,sugarcane,3,kaggle/input/kag2/sugarcane/sugarcane025ahs.jpeg
33,/kaggle/input/kag2/sugarcane/sugarcane031ahs.jpeg,sugarcane,3,kaggle/input/kag2/sugarcane/sugarcane031ahs.jpeg
34,/kaggle/input/kag2/sugarcane/sugarcane017ahs.jpeg,sugarcane,3,kaggle/input/kag2/sugarcane/sugarcane017ahs.jpeg
35,/kaggle/input/kag2/sugarcane/sugarcane039ahs.jpeg,sugarcane,3,kaggle/input/kag2/sugarcane/sugarcane039ahs.jpeg
36,/kaggle/input/kag2/sugarcane/sugarcane036ahf.jpeg,sugarcane,3,kaggle/input/kag2/sugarcane/sugarcane036ahf.jpeg
37,/kaggle/input/kag2/sugarcane/sugarcane0011a.jpeg,sugarcane,3,kaggle/input/kag2/sugarcane/sugarcane0011a.jpeg
38,/kaggle/input/kag2/sugarcane/sugarcane018ahf.jpeg,sugarcane,3,kaggle/input/kag2/sugarcane/sugarcane018ahf.jpeg
39,/kaggle/input/kag2/sugarcane/sugarcane0010arot.jpeg,sugarcane,3,kaggle/input/kag2/sugarcane/sugarcane0010arot.jpeg
40,/kaggle/input/kag2/sugarcane/sugarcane033ahf.jpeg,sugarcane,3,kaggle/input/kag2/sugarcane/sugarcane033ahf.jpeg
41,/kaggle/input/kag2/sugarcane/sugarcane030arot.jpeg,sugarcane,3,kaggle/input/kag2/sugarcane/sugarcane030arot.jpeg
42,/kaggle/input/kag2/sugarcane/sugarcane022ahs.jpeg,sugarcane,3,kaggle/input/kag2/sugarcane/sugarcane022ahs.jpeg
43,/kaggle/input/kag2/sugarcane/sugarcane006ahf.jpeg,sugarcane,3,kaggle/input/kag2/sugarcane/sugarcane006ahf.jpeg
44,/kaggle/input/kag2/sugarcane/sugarcane007ahf.jpeg,sugarcane,3,kaggle/input/kag2/sugarcane/sugarcane007ahf.jpeg
45,/kaggle/input/kag2/sugarcane/sugarcane030a.jpeg,sugarcane,3,kaggle/input/kag2/sugarcane/sugarcane030a.jpeg
46,/kaggle/input/kag2/sugarcane/sugarcane0002ahs.jpeg,sugarcane,3,kaggle/input/kag2/sugarcane/sugarcane0002ahs.jpeg
47,/kaggle/input/kag2/sugarcane/sugarcane027ahs.jpeg,sugarcane,3,kaggle/input/kag2/sugarcane/sugarcane027ahs.jpeg
48,/kaggle/input/kag2/sugarcane/sugarcane040a.jpeg,sugarcane,3,kaggle/input/kag2/sugarcane/sugarcane040a.jpeg
49,/kaggle/input/kag2/sugarcane/sugarcane032a.jpeg,sugarcane,3,kaggle/input/kag2/sugarcane/sugarcane032a.jpeg
50,/kaggle/input/kag2/sugarcane/sugarcane017ahf.jpeg,sugarcane,3,kaggle/input/kag2/sugarcane/sugarcane017ahf.jpeg
51,/kaggle/input/kag2/sugarcane/sugarcane035arot.jpeg,sugarcane,3,kaggle/input/kag2/sugarcane/sugarcane035arot.jpeg
52,/kaggle/input/kag2/sugarcane/sugarcane007ahs.jpeg,sugarcane,3,kaggle/input/kag2/sugarcane/sugarcane007ahs.jpeg
53,/kaggle/input/kag2/sugarcane/sugarcane035ahf.jpeg,sugarcane,3,kaggle/input/kag2/sugarcane/sugarcane035ahf.jpeg
54,/kaggle/input/kag2/sugarcane/sugarcane039arot.jpeg,sugarcane,3,kaggle/input/kag2/sugarcane/sugarcane039arot.jpeg
55,/kaggle/input/kag2/sugarcane/sugarcane037a.jpeg,sugarcane,3,kaggle/input/kag2/sugarcane/sugarcane037a.jpeg
56,/kaggle/input/kag2/sugarcane/sugarcane012ahf.jpeg,sugarcane,3,kaggle/input/kag2/sugarcane/sugarcane012ahf.jpeg
57,/kaggle/input/kag2/sugarcane/sugarcane031arot.jpeg,sugarcane,3,kaggle/input/kag2/sugarcane/sugarcane031arot.jpeg
58,/kaggle/input/kag2/sugarcane/sugarcane020a.jpeg,sugarcane,3,kaggle/input/kag2/sugarcane/sugarcane020a.jpeg
59,/kaggle/input/kag2/sugarcane/sugarcane013arot.jpeg,sugarcane,3,kaggle/input/kag2/sugarcane/sugarcane013arot.jpeg
60,/kaggle/input/kag2/sugarcane/sugarcane024a.jpeg,sugarcane,3,kaggle/input/kag2/sugarcane/sugarcane024a.jpeg
61,/kaggle/input/kag2/sugarcane/sugarcane005ahs.jpeg,sugarcane,3,kaggle/input/kag2/sugarcane/sugarcane005ahs.jpeg
62,/kaggle/input/kag2/sugarcane/sugarcane0003arot.jpeg,sugarcane,3,kaggle/input/kag2/sugarcane/sugarcane0003arot.jpeg
63,/kaggle/input/kag2/sugarcane/sugarcane035a.jpeg,sugarcane,3,kaggle/input/kag2/sugarcane/sugarcane035a.jpeg
64,/kaggle/input/kag2/sugarcane/sugarcane0004ahf.jpeg,sugarcane,3,kaggle/input/kag2/sugarcane/sugarcane0004ahf.jpeg
65,/kaggle/input/kag2/sugarcane/sugarcane013a.jpeg,sugarcane,3,kaggle/input/kag2/sugarcane/sugarcane013a.jpeg
66,/kaggle/input/kag2/sugarcane/sugarcane0004a.jpeg,sugarcane,3,kaggle/input/kag2/sugarcane/sugarcane0004a.jpeg
67,/kaggle/input/kag2/sugarcane/sugarcane039ahf.jpeg,sugarcane,3,kaggle/input/kag2/sugarcane/sugarcane039ahf.jpeg
68,/kaggle/input/kag2/sugarcane/sugarcane018a.jpeg,sugarcane,3,kaggle/input/kag2/sugarcane/sugarcane018a.jpeg
69,/kaggle/input/kag2/sugarcane/sugarcane016ahs.jpeg,sugarcane,3,kaggle/input/kag2/sugarcane/sugarcane016ahs.jpeg
70,/kaggle/input/kag2/sugarcane/sugarcane0010ahf.jpeg,sugarcane,3,kaggle/input/kag2/sugarcane/sugarcane0010ahf.jpeg
71,/kaggle/input/kag2/sugarcane/sugarcane009ahs.jpeg,sugarcane,3,kaggle/input/kag2/sugarcane/sugarcane009ahs.jpeg
72,/kaggle/input/kag2/sugarcane/sugarcane0001arot.jpeg,sugarcane,3,kaggle/input/kag2/sugarcane/sugarcane0001arot.jpeg
73,/kaggle/input/kag2/sugarcane/sugarcane025a.jpeg,sugarcane,3,kaggle/input/kag2/sugarcane/sugarcane025a.jpeg
74,/kaggle/input/kag2/sugarcane/sugarcane007arot.jpeg,sugarcane,3,kaggle/input/kag2/sugarcane/sugarcane007arot.jpeg
75,/kaggle/input/kag2/sugarcane/sugarcane019arot.jpeg,sugarcane,3,kaggle/input/kag2/sugarcane/sugarcane019arot.jpeg
76,/kaggle/input/kag2/sugarcane/sugarcane0011ahf.jpeg,sugarcane,3,kaggle/input/kag2/sugarcane/sugarcane0011ahf.jpeg
77,/kaggle/input/kag2/sugarcane/sugarcane023ahf.jpeg,sugarcane,3,kaggle/input/kag2/sugarcane/sugarcane023ahf.jpeg
78,/kaggle/input/kag2/sugarcane/sugarcane026ahs.jpeg,sugarcane,3,kaggle/input/kag2/sugarcane/sugarcane026ahs.jpeg
79,/kaggle/input/kag2/sugarcane/sugarcane015ahs.jpeg,sugarcane,3,kaggle/input/kag2/sugarcane/sugarcane015ahs.jpeg
80,/kaggle/input/kag2/sugarcane/sugarcane038a.jpeg,sugarcane,3,kaggle/input/kag2/sugarcane/sugarcane038a.jpeg
81,/kaggle/input/kag2/sugarcane/sugarcane021ahs.jpeg,sugarcane,3,kaggle/input/kag2/sugarcane/sugarcane021ahs.jpeg
82,/kaggle/input/kag2/sugarcane/sugarcane020ahf.jpeg,sugarcane,3,kaggle/input/kag2/sugarcane/sugarcane020ahf.jpeg
83,/kaggle/input/kag2/sugarcane/sugarcane0001ahs.jpeg,sugarcane,3,kaggle/input/kag2/sugarcane/sugarcane0001ahs.jpeg
84,/kaggle/input/kag2/sugarcane/sugarcane029a.jpeg,sugarcane,3,kaggle/input/kag2/sugarcane/sugarcane029a.jpeg
85,/kaggle/input/kag2/sugarcane/sugarcane019a.jpeg,sugarcane,3,kaggle/input/kag2/sugarcane/sugarcane019a.jpeg
86,/kaggle/input/kag2/sugarcane/sugarcane038arot.jpeg,sugarcane,3,kaggle/input/kag2/sugarcane/sugarcane038arot.jpeg
87,/kaggle/input/kag2/sugarcane/sugarcane026arot.jpeg,sugarcane,3,kaggle/input/kag2/sugarcane/sugarcane026arot.jpeg
88,/kaggle/input/kag2/sugarcane/sugarcane031ahf.jpeg,sugarcane,3,kaggle/input/kag2/sugarcane/sugarcane031ahf.jpeg
89,/kaggle/input/kag2/sugarcane/sugarcane0003a.jpeg,sugarcane,3,kaggle/input/kag2/sugarcane/sugarcane0003a.jpeg
90,/kaggle/input/kag2/sugarcane/sugarcane018ahs.jpeg,sugarcane,3,kaggle/input/kag2/sugarcane/sugarcane018ahs.jpeg
91,/kaggle/input/kag2/sugarcane/sugarcane033ahs.jpeg,sugarcane,3,kaggle/input/kag2/sugarcane/sugarcane033ahs.jpeg
92,/kaggle/input/kag2/sugarcane/sugarcane026ahf.jpeg,sugarcane,3,kaggle/input/kag2/sugarcane/sugarcane026ahf.jpeg
93,/kaggle/input/kag2/sugarcane/sugarcane008a.jpeg,sugarcane,3,kaggle/input/kag2/sugarcane/sugarcane008a.jpeg
94,/kaggle/input/kag2/sugarcane/sugarcane014ahs.jpeg,sugarcane,3,kaggle/input/kag2/sugarcane/sugarcane014ahs.jpeg
95,/kaggle/input/kag2/sugarcane/sugarcane032ahs.jpeg,sugarcane,3,kaggle/input/kag2/sugarcane/sugarcane032ahs.jpeg
96,/kaggle/input/kag2/sugarcane/sugarcane012ahs.jpeg,sugarcane,3,kaggle/input/kag2/sugarcane/sugarcane012ahs.jpeg
97,/kaggle/input/kag2/sugarcane/sugarcane0002ahf.jpeg,sugarcane,3,kaggle/input/kag2/sugarcane/sugarcane0002ahf.jpeg
98,/kaggle/input/kag2/sugarcane/sugarcane029ahf.jpeg,sugarcane,3,kaggle/input/kag2/sugarcane/sugarcane029ahf.jpeg
99,/kaggle/input/kag2/sugarcane/sugarcane037arot.jpeg,sugarcane,3,kaggle/input/kag2/sugarcane/sugarcane037arot.jpeg
100,/kaggle/input/kag2/sugarcane/sugarcane024ahf.jpeg,sugarcane,3,kaggle/input/kag2/sugarcane/sugarcane024ahf.jpeg
101,/kaggle/input/kag2/sugarcane/sugarcane014ahf.jpeg,sugarcane,3,kaggle/input/kag2/sugarcane/sugarcane014ahf.jpeg
102,/kaggle/input/kag2/sugarcane/sugarcane023arot.jpeg,sugarcane,3,kaggle/input/kag2/sugarcane/sugarcane023arot.jpeg
103,/kaggle/input/kag2/sugarcane/sugarcane012a.jpeg,sugarcane,3,kaggle/input/kag2/sugarcane/sugarcane012a.jpeg
104,/kaggle/input/kag2/sugarcane/sugarcane036arot.jpeg,sugarcane,3,kaggle/input/kag2/sugarcane/sugarcane036arot.jpeg
105,/kaggle/input/kag2/sugarcane/sugarcane017a.jpeg,sugarcane,3,kaggle/input/kag2/sugarcane/sugarcane017a.jpeg
106,/kaggle/input/kag2/sugarcane/sugarcane022a.jpeg,sugarcane,3,kaggle/input/kag2/sugarcane/sugarcane022a.jpeg
107,/kaggle/input/kag2/sugarcane/sugarcane039a.jpeg,sugarcane,3,kaggle/input/kag2/sugarcane/sugarcane039a.jpeg
108,/kaggle/input/kag2/sugarcane/sugarcane0001ahf.jpeg,sugarcane,3,kaggle/input/kag2/sugarcane/sugarcane0001ahf.jpeg
109,/kaggle/input/kag2/sugarcane/sugarcane012arot.jpeg,sugarcane,3,kaggle/input/kag2/sugarcane/sugarcane012arot.jpeg
110,/kaggle/input/kag2/sugarcane/sugarcane0010ahs.jpeg,sugarcane,3,kaggle/input/kag2/sugarcane/sugarcane0010ahs.jpeg
111,/kaggle/input/kag2/sugarcane/sugarcane005arot.jpeg,sugarcane,3,kaggle/input/kag2/sugarcane/sugarcane005arot.jpeg
112,/kaggle/input/kag2/sugarcane/sugarcane023a.jpeg,sugarcane,3,kaggle/input/kag2/sugarcane/sugarcane023a.jpeg
113,/kaggle/input/kag2/sugarcane/sugarcane029arot.jpeg,sugarcane,3,kaggle/input/kag2/sugarcane/sugarcane029arot.jpeg
114,/kaggle/input/kag2/sugarcane/sugarcane024ahs.jpeg,sugarcane,3,kaggle/input/kag2/sugarcane/sugarcane024ahs.jpeg
115,/kaggle/input/kag2/sugarcane/sugarcane034ahf.jpeg,sugarcane,3,kaggle/input/kag2/sugarcane/sugarcane034ahf.jpeg
116,/kaggle/input/kag2/sugarcane/sugarcane036a.jpeg,sugarcane,3,kaggle/input/kag2/sugarcane/sugarcane036a.jpeg
117,/kaggle/input/kag2/sugarcane/sugarcane022arot.jpeg,sugarcane,3,kaggle/input/kag2/sugarcane/sugarcane022arot.jpeg
118,/kaggle/input/kag2/sugarcane/sugarcane0002a.jpeg,sugarcane,3,kaggle/input/kag2/sugarcane/sugarcane0002a.jpeg
119,/kaggle/input/kag2/sugarcane/sugarcane040ahf.jpeg,sugarcane,3,kaggle/input/kag2/sugarcane/sugarcane040ahf.jpeg
120,/kaggle/input/kag2/sugarcane/sugarcane035ahs.jpeg,sugarcane,3,kaggle/input/kag2/sugarcane/sugarcane035ahs.jpeg
121,/kaggle/input/kag2/sugarcane/sugarcane033arot.jpeg,sugarcane,3,kaggle/input/kag2/sugarcane/sugarcane033arot.jpeg
122,/kaggle/input/kag2/sugarcane/sugarcane024arot.jpeg,sugarcane,3,kaggle/input/kag2/sugarcane/sugarcane024arot.jpeg
123,/kaggle/input/kag2/sugarcane/sugarcane028arot.jpeg,sugarcane,3,kaggle/input/kag2/sugarcane/sugarcane028arot.jpeg
124,/kaggle/input/kag2/sugarcane/sugarcane0004ahs.jpeg,sugarcane,3,kaggle/input/kag2/sugarcane/sugarcane0004ahs.jpeg
125,/kaggle/input/kag2/sugarcane/sugarcane006a.jpeg,sugarcane,3,kaggle/input/kag2/sugarcane/sugarcane006a.jpeg
126,/kaggle/input/kag2/sugarcane/sugarcane033a.jpeg,sugarcane,3,kaggle/input/kag2/sugarcane/sugarcane033a.jpeg
127,/kaggle/input/kag2/sugarcane/sugarcane038ahf.jpeg,sugarcane,3,kaggle/input/kag2/sugarcane/sugarcane038ahf.jpeg
128,/kaggle/input/kag2/sugarcane/sugarcane0001a.jpeg,sugarcane,3,kaggle/input/kag2/sugarcane/sugarcane0001a.jpeg
129,/kaggle/input/kag2/sugarcane/sugarcane040ahs.jpeg,sugarcane,3,kaggle/input/kag2/sugarcane/sugarcane040ahs.jpeg
130,/kaggle/input/kag2/sugarcane/sugarcane034arot.jpeg,sugarcane,3,kaggle/input/kag2/sugarcane/sugarcane034arot.jpeg
131,/kaggle/input/kag2/sugarcane/sugarcane0010a.jpeg,sugarcane,3,kaggle/input/kag2/sugarcane/sugarcane0010a.jpeg
132,/kaggle/input/kag2/sugarcane/sugarcane0011ahs.jpeg,sugarcane,3,kaggle/input/kag2/sugarcane/sugarcane0011ahs.jpeg
133,/kaggle/input/kag2/sugarcane/sugarcane006ahs.jpeg,sugarcane,3,kaggle/input/kag2/sugarcane/sugarcane006ahs.jpeg
134,/kaggle/input/kag2/sugarcane/sugarcane014arot.jpeg,sugarcane,3,kaggle/input/kag2/sugarcane/sugarcane014arot.jpeg
135,/kaggle/input/kag2/sugarcane/sugarcane009ahf.jpeg,sugarcane,3,kaggle/input/kag2/sugarcane/sugarcane009ahf.jpeg
136,/kaggle/input/kag2/sugarcane/sugarcane008ahf.jpeg,sugarcane,3,kaggle/input/kag2/sugarcane/sugarcane008ahf.jpeg
137,/kaggle/input/kag2/sugarcane/sugarcane025ahf.jpeg,sugarcane,3,kaggle/input/kag2/sugarcane/sugarcane025ahf.jpeg
138,/kaggle/input/kag2/sugarcane/sugarcane037ahf.jpeg,sugarcane,3,kaggle/input/kag2/sugarcane/sugarcane037ahf.jpeg
139,/kaggle/input/kag2/sugarcane/sugarcane007a.jpeg,sugarcane,3,kaggle/input/kag2/sugarcane/sugarcane007a.jpeg
140,/kaggle/input/kag2/sugarcane/sugarcane008arot.jpeg,sugarcane,3,kaggle/input/kag2/sugarcane/sugarcane008arot.jpeg
141,/kaggle/input/kag2/sugarcane/sugarcane015arot.jpeg,sugarcane,3,kaggle/input/kag2/sugarcane/sugarcane015arot.jpeg
142,/kaggle/input/kag2/sugarcane/sugarcane038ahs.jpeg,sugarcane,3,kaggle/input/kag2/sugarcane/sugarcane038ahs.jpeg
143,/kaggle/input/kag2/sugarcane/sugarcane006arot.jpeg,sugarcane,3,kaggle/input/kag2/sugarcane/sugarcane006arot.jpeg
144,/kaggle/input/kag2/sugarcane/sugarcane015a.jpeg,sugarcane,3,kaggle/input/kag2/sugarcane/sugarcane015a.jpeg
145,/kaggle/input/kag2/sugarcane/sugarcane021a.jpeg,sugarcane,3,kaggle/input/kag2/sugarcane/sugarcane021a.jpeg
146,/kaggle/input/kag2/sugarcane/sugarcane013ahf.jpeg,sugarcane,3,kaggle/input/kag2/sugarcane/sugarcane013ahf.jpeg
147,/kaggle/input/kag2/sugarcane/sugarcane020arot.jpeg,sugarcane,3,kaggle/input/kag2/sugarcane/sugarcane020arot.jpeg
148,/kaggle/input/kag2/sugarcane/sugarcane022ahf.jpeg,sugarcane,3,kaggle/input/kag2/sugarcane/sugarcane022ahf.jpeg
149,/kaggle/input/kag2/sugarcane/sugarcane032ahf.jpeg,sugarcane,3,kaggle/input/kag2/sugarcane/sugarcane032ahf.jpeg
150,/kaggle/input/kag2/sugarcane/sugarcane005a.jpeg,sugarcane,3,kaggle/input/kag2/sugarcane/sugarcane005a.jpeg
151,/kaggle/input/kag2/sugarcane/sugarcane018arot.jpeg,sugarcane,3,kaggle/input/kag2/sugarcane/sugarcane018arot.jpeg
152,/kaggle/input/kag2/sugarcane/sugarcane030ahs.jpeg,sugarcane,3,kaggle/input/kag2/sugarcane/sugarcane030ahs.jpeg
153,/kaggle/input/kag2/sugarcane/sugarcane0011arot.jpeg,sugarcane,3,kaggle/input/kag2/sugarcane/sugarcane0011arot.jpeg
154,/kaggle/input/kag2/sugarcane/sugarcane021ahf.jpeg,sugarcane,3,kaggle/input/kag2/sugarcane/sugarcane021ahf.jpeg
155,/kaggle/input/kag2/sugarcane/sugarcane029ahs.jpeg,sugarcane,3,kaggle/input/kag2/sugarcane/sugarcane029ahs.jpeg
156,/kaggle/input/kag2/sugarcane/sugarcane028ahf.jpeg,sugarcane,3,kaggle/input/kag2/sugarcane/sugarcane028ahf.jpeg
157,/kaggle/input/kag2/sugarcane/sugarcane015ahf.jpeg,sugarcane,3,kaggle/input/kag2/sugarcane/sugarcane015ahf.jpeg
158,/kaggle/input/kag2/sugarcane/sugarcane019ahf.jpeg,sugarcane,3,kaggle/input/kag2/sugarcane/sugarcane019ahf.jpeg
159,/kaggle/input/kag2/wheat/wheat0004a.jpeg,wheat,4,kaggle/input/kag2/wheat/wheat0004a.jpeg
160,/kaggle/input/kag2/wheat/wheat017a.jpeg,wheat,4,kaggle/input/kag2/wheat/wheat017a.jpeg
161,/kaggle/input/kag2/wheat/wheat004a.jpeg,wheat,4,kaggle/input/kag2/wheat/wheat004a.jpeg
162,/kaggle/input/kag2/wheat/wheat025arot.jpeg,wheat,4,kaggle/input/kag2/wheat/wheat025arot.jpeg
163,/kaggle/input/kag2/wheat/wheat039ahs.jpeg,wheat,4,kaggle/input/kag2/wheat/wheat039ahs.jpeg
164,/kaggle/input/kag2/wheat/wheat016ahs.jpeg,wheat,4,kaggle/input/kag2/wheat/wheat016ahs.jpeg
165,/kaggle/input/kag2/wheat/wheat0004ahs.jpeg,wheat,4,kaggle/input/kag2/wheat/wheat0004ahs.jpeg
166,/kaggle/input/kag2/wheat/wheat039arot.jpeg,wheat,4,kaggle/input/kag2/wheat/wheat039arot.jpeg
167,/kaggle/input/kag2/wheat/wheat023a.jpeg,wheat,4,kaggle/input/kag2/wheat/wheat023a.jpeg
168,/kaggle/input/kag2/wheat/wheat019ahf.jpeg,wheat,4,kaggle/input/kag2/wheat/wheat019ahf.jpeg
169,/kaggle/input/kag2/wheat/wheat009ahs.jpeg,wheat,4,kaggle/input/kag2/wheat/wheat009ahs.jpeg
170,/kaggle/input/kag2/wheat/wheat037a.jpeg,wheat,4,kaggle/input/kag2/wheat/wheat037a.jpeg
171,/kaggle/input/kag2/wheat/wheat005arot.jpeg,wheat,4,kaggle/input/kag2/wheat/wheat005arot.jpeg
172,/kaggle/input/kag2/wheat/wheat018a.jpeg,wheat,4,kaggle/input/kag2/wheat/wheat018a.jpeg
173,/kaggle/input/kag2/wheat/wheat009arot.jpeg,wheat,4,kaggle/input/kag2/wheat/wheat009arot.jpeg
174,/kaggle/input/kag2/wheat/wheat019ahs.jpeg,wheat,4,kaggle/input/kag2/wheat/wheat019ahs.jpeg
175,/kaggle/input/kag2/wheat/wheat018ahf.jpeg,wheat,4,kaggle/input/kag2/wheat/wheat018ahf.jpeg
176,/kaggle/input/kag2/wheat/wheat006ahf.jpeg,wheat,4,kaggle/input/kag2/wheat/wheat006ahf.jpeg
177,/kaggle/input/kag2/wheat/wheat027arot.jpeg,wheat,4,kaggle/input/kag2/wheat/wheat027arot.jpeg
178,/kaggle/input/kag2/wheat/wheat013arot.jpeg,wheat,4,kaggle/input/kag2/wheat/wheat013arot.jpeg
179,/kaggle/input/kag2/wheat/wheat034ahf.jpeg,wheat,4,kaggle/input/kag2/wheat/wheat034ahf.jpeg
180,/kaggle/input/kag2/wheat/wheat011.jpeg,wheat,4,kaggle/input/kag2/wheat/wheat011.jpeg
181,/kaggle/input/kag2/wheat/wheat030a.jpeg,wheat,4,kaggle/input/kag2/wheat/wheat030a.jpeg
182,/kaggle/input/kag2/wheat/wheat036arot.jpeg,wheat,4,kaggle/input/kag2/wheat/wheat036arot.jpeg
183,/kaggle/input/kag2/wheat/wheat040ahs.jpeg,wheat,4,kaggle/input/kag2/wheat/wheat040ahs.jpeg
184,/kaggle/input/kag2/wheat/wheat009a.jpeg,wheat,4,kaggle/input/kag2/wheat/wheat009a.jpeg
185,/kaggle/input/kag2/wheat/wheat012arot.jpeg,wheat,4,kaggle/input/kag2/wheat/wheat012arot.jpeg
186,/kaggle/input/kag2/wheat/wheat038a.jpeg,wheat,4,kaggle/input/kag2/wheat/wheat038a.jpeg
187,/kaggle/input/kag2/wheat/wheat016a.jpeg,wheat,4,kaggle/input/kag2/wheat/wheat016a.jpeg
188,/kaggle/input/kag2/wheat/wheat007ahf.jpeg,wheat,4,kaggle/input/kag2/wheat/wheat007ahf.jpeg
189,/kaggle/input/kag2/wheat/wheat007a.jpeg,wheat,4,kaggle/input/kag2/wheat/wheat007a.jpeg
190,/kaggle/input/kag2/wheat/wheat011hf.jpeg,wheat,4,kaggle/input/kag2/wheat/wheat011hf.jpeg
191,/kaggle/input/kag2/wheat/wheat015ahs.jpeg,wheat,4,kaggle/input/kag2/wheat/wheat015ahs.jpeg
192,/kaggle/input/kag2/wheat/wheat026a.jpeg,wheat,4,kaggle/input/kag2/wheat/wheat026a.jpeg
193,/kaggle/input/kag2/wheat/wheat014ahf.jpeg,wheat,4,kaggle/input/kag2/wheat/wheat014ahf.jpeg
194,/kaggle/input/kag2/wheat/wheat032ahf.jpeg,wheat,4,kaggle/input/kag2/wheat/wheat032ahf.jpeg
195,/kaggle/input/kag2/wheat/wheat020arot.jpeg,wheat,4,kaggle/input/kag2/wheat/wheat020arot.jpeg
196,/kaggle/input/kag2/wheat/wheat0002ahs.jpeg,wheat,4,kaggle/input/kag2/wheat/wheat0002ahs.jpeg
197,/kaggle/input/kag2/wheat/wheat031ahs.jpeg,wheat,4,kaggle/input/kag2/wheat/wheat031ahs.jpeg
198,/kaggle/input/kag2/wheat/wheat035a.jpeg,wheat,4,kaggle/input/kag2/wheat/wheat035a.jpeg
199,/kaggle/input/kag2/wheat/wheat034a.jpeg,wheat,4,kaggle/input/kag2/wheat/wheat034a.jpeg
200,/kaggle/input/kag2/wheat/wheat037ahs.jpeg,wheat,4,kaggle/input/kag2/wheat/wheat037ahs.jpeg
201,/kaggle/input/kag2/wheat/wheat006ahs.jpeg,wheat,4,kaggle/input/kag2/wheat/wheat006ahs.jpeg
202,/kaggle/input/kag2/wheat/wheat013ahf.jpeg,wheat,4,kaggle/input/kag2/wheat/wheat013ahf.jpeg
203,/kaggle/input/kag2/wheat/wheat029ahs.jpeg,wheat,4,kaggle/input/kag2/wheat/wheat029ahs.jpeg
204,/kaggle/input/kag2/wheat/wheat020a.jpeg,wheat,4,kaggle/input/kag2/wheat/wheat020a.jpeg
205,/kaggle/input/kag2/wheat/wheat021a.jpeg,wheat,4,kaggle/input/kag2/wheat/wheat021a.jpeg
206,/kaggle/input/kag2/wheat/wheat003hs.jpeg,wheat,4,kaggle/input/kag2/wheat/wheat003hs.jpeg
207,/kaggle/input/kag2/wheat/wheat0001a.jpeg,wheat,4,kaggle/input/kag2/wheat/wheat0001a.jpeg
208,/kaggle/input/kag2/wheat/wheat014arot.jpeg,wheat,4,kaggle/input/kag2/wheat/wheat014arot.jpeg
209,/kaggle/input/kag2/wheat/wheat031ahf.jpeg,wheat,4,kaggle/input/kag2/wheat/wheat031ahf.jpeg
210,/kaggle/input/kag2/wheat/wheat007arot.jpeg,wheat,4,kaggle/input/kag2/wheat/wheat007arot.jpeg
211,/kaggle/input/kag2/wheat/wheat013a.jpeg,wheat,4,kaggle/input/kag2/wheat/wheat013a.jpeg
212,/kaggle/input/kag2/wheat/wheat040ahf.jpeg,wheat,4,kaggle/input/kag2/wheat/wheat040ahf.jpeg
213,/kaggle/input/kag2/wheat/wheat040arot.jpeg,wheat,4,kaggle/input/kag2/wheat/wheat040arot.jpeg
214,/kaggle/input/kag2/wheat/wheat018ahs.jpeg,wheat,4,kaggle/input/kag2/wheat/wheat018ahs.jpeg
215,/kaggle/input/kag2/wheat/wheat024ahf.jpeg,wheat,4,kaggle/input/kag2/wheat/wheat024ahf.jpeg
216,/kaggle/input/kag2/wheat/wheat021arot.jpeg,wheat,4,kaggle/input/kag2/wheat/wheat021arot.jpeg
217,/kaggle/input/kag2/wheat/wheat021ahf.jpeg,wheat,4,kaggle/input/kag2/wheat/wheat021ahf.jpeg
218,/kaggle/input/kag2/wheat/wheat004ahs.jpeg,wheat,4,kaggle/input/kag2/wheat/wheat004ahs.jpeg
219,/kaggle/input/kag2/wheat/wheat016ahf.jpeg,wheat,4,kaggle/input/kag2/wheat/wheat016ahf.jpeg
220,/kaggle/input/kag2/wheat/wheat026ahf.jpeg,wheat,4,kaggle/input/kag2/wheat/wheat026ahf.jpeg
221,/kaggle/input/kag2/wheat/wheat026arot.jpeg,wheat,4,kaggle/input/kag2/wheat/wheat026arot.jpeg
222,/kaggle/input/kag2/wheat/wheat004ahf.jpeg,wheat,4,kaggle/input/kag2/wheat/wheat004ahf.jpeg
223,/kaggle/input/kag2/wheat/wheat0004ahf.jpeg,wheat,4,kaggle/input/kag2/wheat/wheat0004ahf.jpeg
224,/kaggle/input/kag2/wheat/wheat022arot.jpeg,wheat,4,kaggle/input/kag2/wheat/wheat022arot.jpeg
225,/kaggle/input/kag2/wheat/wheat003hf.jpeg,wheat,4,kaggle/input/kag2/wheat/wheat003hf.jpeg
226,/kaggle/input/kag2/wheat/wheat025ahs.jpeg,wheat,4,kaggle/input/kag2/wheat/wheat025ahs.jpeg
227,/kaggle/input/kag2/wheat/wheat009ahf.jpeg,wheat,4,kaggle/input/kag2/wheat/wheat009ahf.jpeg
228,/kaggle/input/kag2/wheat/wheat033ahs.jpeg,wheat,4,kaggle/input/kag2/wheat/wheat033ahs.jpeg
229,/kaggle/input/kag2/wheat/wheat023ahs.jpeg,wheat,4,kaggle/input/kag2/wheat/wheat023ahs.jpeg
230,/kaggle/input/kag2/wheat/wheat012ahf.jpeg,wheat,4,kaggle/input/kag2/wheat/wheat012ahf.jpeg
231,/kaggle/input/kag2/wheat/wheat028arot.jpeg,wheat,4,kaggle/input/kag2/wheat/wheat028arot.jpeg
232,/kaggle/input/kag2/wheat/wheat030ahf.jpeg,wheat,4,kaggle/input/kag2/wheat/wheat030ahf.jpeg
233,/kaggle/input/kag2/wheat/wheat008arot.jpeg,wheat,4,kaggle/input/kag2/wheat/wheat008arot.jpeg
234,/kaggle/input/kag2/wheat/wheat005a.jpeg,wheat,4,kaggle/input/kag2/wheat/wheat005a.jpeg
235,/kaggle/input/kag2/wheat/wheat030ahs.jpeg,wheat,4,kaggle/input/kag2/wheat/wheat030ahs.jpeg
236,/kaggle/input/kag2/wheat/wheat033ahf.jpeg,wheat,4,kaggle/input/kag2/wheat/wheat033ahf.jpeg
237,/kaggle/input/kag2/wheat/wheat015arot.jpeg,wheat,4,kaggle/input/kag2/wheat/wheat015arot.jpeg
238,/kaggle/input/kag2/wheat/wheat017arot.jpeg,wheat,4,kaggle/input/kag2/wheat/wheat017arot.jpeg
239,/kaggle/input/kag2/wheat/wheat037ahf.jpeg,wheat,4,kaggle/input/kag2/wheat/wheat037ahf.jpeg
240,/kaggle/input/kag2/wheat/wheat017ahs.jpeg,wheat,4,kaggle/input/kag2/wheat/wheat017ahs.jpeg
241,/kaggle/input/kag2/wheat/wheat013ahs.jpeg,wheat,4,kaggle/input/kag2/wheat/wheat013ahs.jpeg
242,/kaggle/input/kag2/wheat/wheat039ahf.jpeg,wheat,4,kaggle/input/kag2/wheat/wheat039ahf.jpeg
243,/kaggle/input/kag2/wheat/wheat027ahf.jpeg,wheat,4,kaggle/input/kag2/wheat/wheat027ahf.jpeg
244,/kaggle/input/kag2/wheat/wheat015a.jpeg,wheat,4,kaggle/input/kag2/wheat/wheat015a.jpeg
245,/kaggle/input/kag2/wheat/wheat003rot.jpeg,wheat,4,kaggle/input/kag2/wheat/wheat003rot.jpeg
246,/kaggle/input/kag2/wheat/wheat015ahf.jpeg,wheat,4,kaggle/input/kag2/wheat/wheat015ahf.jpeg
247,/kaggle/input/kag2/wheat/wheat010arot.jpeg,wheat,4,kaggle/input/kag2/wheat/wheat010arot.jpeg
248,/kaggle/input/kag2/wheat/wheat017ahf.jpeg,wheat,4,kaggle/input/kag2/wheat/wheat017ahf.jpeg
249,/kaggle/input/kag2/wheat/wheat019arot.jpeg,wheat,4,kaggle/input/kag2/wheat/wheat019arot.jpeg
250,/kaggle/input/kag2/wheat/wheat032arot.jpeg,wheat,4,kaggle/input/kag2/wheat/wheat032arot.jpeg
251,/kaggle/input/kag2/wheat/wheat031a.jpeg,wheat,4,kaggle/input/kag2/wheat/wheat031a.jpeg
252,/kaggle/input/kag2/wheat/wheat007ahs.jpeg,wheat,4,kaggle/input/kag2/wheat/wheat007ahs.jpeg
253,/kaggle/input/kag2/wheat/wheat025a.jpeg,wheat,4,kaggle/input/kag2/wheat/wheat025a.jpeg
254,/kaggle/input/kag2/wheat/wheat024ahs.jpeg,wheat,4,kaggle/input/kag2/wheat/wheat024ahs.jpeg
255,/kaggle/input/kag2/wheat/wheat0001ahs.jpeg,wheat,4,kaggle/input/kag2/wheat/wheat0001ahs.jpeg
256,/kaggle/input/kag2/wheat/wheat011hs.jpeg,wheat,4,kaggle/input/kag2/wheat/wheat011hs.jpeg
257,/kaggle/input/kag2/wheat/wheat008ahs.jpeg,wheat,4,kaggle/input/kag2/wheat/wheat008ahs.jpeg
258,/kaggle/input/kag2/wheat/wheat028ahf.jpeg,wheat,4,kaggle/input/kag2/wheat/wheat028ahf.jpeg
259,/kaggle/input/kag2/wheat/wheat032a.jpeg,wheat,4,kaggle/input/kag2/wheat/wheat032a.jpeg
260,/kaggle/input/kag2/wheat/wheat038arot.jpeg,wheat,4,kaggle/input/kag2/wheat/wheat038arot.jpeg
261,/kaggle/input/kag2/wheat/wheat039a.jpeg,wheat,4,kaggle/input/kag2/wheat/wheat039a.jpeg
262,/kaggle/input/kag2/wheat/wheat035ahf.jpeg,wheat,4,kaggle/input/kag2/wheat/wheat035ahf.jpeg
263,/kaggle/input/kag2/wheat/wheat014a.jpeg,wheat,4,kaggle/input/kag2/wheat/wheat014a.jpeg
264,/kaggle/input/kag2/wheat/wheat012a.jpeg,wheat,4,kaggle/input/kag2/wheat/wheat012a.jpeg
265,/kaggle/input/kag2/wheat/wheat040a.jpeg,wheat,4,kaggle/input/kag2/wheat/wheat040a.jpeg
266,/kaggle/input/kag2/wheat/wheat020ahf.jpeg,wheat,4,kaggle/input/kag2/wheat/wheat020ahf.jpeg
267,/kaggle/input/kag2/wheat/wheat022ahf.jpeg,wheat,4,kaggle/input/kag2/wheat/wheat022ahf.jpeg
268,/kaggle/input/kag2/wheat/wheat038ahs.jpeg,wheat,4,kaggle/input/kag2/wheat/wheat038ahs.jpeg
269,/kaggle/input/kag2/wheat/wheat018arot.jpeg,wheat,4,kaggle/input/kag2/wheat/wheat018arot.jpeg
270,/kaggle/input/kag2/wheat/wheat031arot.jpeg,wheat,4,kaggle/input/kag2/wheat/wheat031arot.jpeg
271,/kaggle/input/kag2/wheat/wheat033arot.jpeg,wheat,4,kaggle/input/kag2/wheat/wheat033arot.jpeg
272,/kaggle/input/kag2/wheat/wheat005ahs.jpeg,wheat,4,kaggle/input/kag2/wheat/wheat005ahs.jpeg
273,/kaggle/input/kag2/wheat/wheat038ahf.jpeg,wheat,4,kaggle/input/kag2/wheat/wheat038ahf.jpeg
274,/kaggle/input/kag2/wheat/wheat036a.jpeg,wheat,4,kaggle/input/kag2/wheat/wheat036a.jpeg
275,/kaggle/input/kag2/wheat/wheat008a.jpeg,wheat,4,kaggle/input/kag2/wheat/wheat008a.jpeg
276,/kaggle/input/kag2/wheat/wheat036ahs.jpeg,wheat,4,kaggle/input/kag2/wheat/wheat036ahs.jpeg
277,/kaggle/input/kag2/wheat/wheat008ahf.jpeg,wheat,4,kaggle/input/kag2/wheat/wheat008ahf.jpeg
278,/kaggle/input/kag2/wheat/wheat030arot.jpeg,wheat,4,kaggle/input/kag2/wheat/wheat030arot.jpeg
279,/kaggle/input/kag2/wheat/wheat0004arot.jpeg,wheat,4,kaggle/input/kag2/wheat/wheat0004arot.jpeg
280,/kaggle/input/kag2/wheat/wheat012ahs.jpeg,wheat,4,kaggle/input/kag2/wheat/wheat012ahs.jpeg
281,/kaggle/input/kag2/wheat/wheat006a.jpeg,wheat,4,kaggle/input/kag2/wheat/wheat006a.jpeg
282,/kaggle/input/kag2/wheat/wheat005ahf.jpeg,wheat,4,kaggle/input/kag2/wheat/wheat005ahf.jpeg
283,/kaggle/input/kag2/wheat/wheat034ahs.jpeg,wheat,4,kaggle/input/kag2/wheat/wheat034ahs.jpeg
284,/kaggle/input/kag2/wheat/wheat025ahf.jpeg,wheat,4,kaggle/input/kag2/wheat/wheat025ahf.jpeg
285,/kaggle/input/kag2/wheat/wheat034arot.jpeg,wheat,4,kaggle/input/kag2/wheat/wheat034arot.jpeg
286,/kaggle/input/kag2/wheat/wheat022a.jpeg,wheat,4,kaggle/input/kag2/wheat/wheat022a.jpeg
287,/kaggle/input/kag2/wheat/wheat029ahf.jpeg,wheat,4,kaggle/input/kag2/wheat/wheat029ahf.jpeg
288,/kaggle/input/kag2/wheat/wheat0002arot.jpeg,wheat,4,kaggle/input/kag2/wheat/wheat0002arot.jpeg
289,/kaggle/input/kag2/wheat/wheat027a.jpeg,wheat,4,kaggle/input/kag2/wheat/wheat027a.jpeg
290,/kaggle/input/kag2/wheat/wheat010ahf.jpeg,wheat,4,kaggle/input/kag2/wheat/wheat010ahf.jpeg
291,/kaggle/input/kag2/wheat/wheat036ahf.jpeg,wheat,4,kaggle/input/kag2/wheat/wheat036ahf.jpeg
292,/kaggle/input/kag2/wheat/wheat027ahs.jpeg,wheat,4,kaggle/input/kag2/wheat/wheat027ahs.jpeg
293,/kaggle/input/kag2/wheat/wheat023ahf.jpeg,wheat,4,kaggle/input/kag2/wheat/wheat023ahf.jpeg
294,/kaggle/input/kag2/wheat/wheat035arot.jpeg,wheat,4,kaggle/input/kag2/wheat/wheat035arot.jpeg
295,/kaggle/input/kag2/wheat/wheat033a.jpeg,wheat,4,kaggle/input/kag2/wheat/wheat033a.jpeg
296,/kaggle/input/kag2/wheat/wheat024arot.jpeg,wheat,4,kaggle/input/kag2/wheat/wheat024arot.jpeg
297,/kaggle/input/kag2/wheat/wheat023arot.jpeg,wheat,4,kaggle/input/kag2/wheat/wheat023arot.jpeg
298,/kaggle/input/kag2/wheat/wheat026ahs.jpeg,wheat,4,kaggle/input/kag2/wheat/wheat026ahs.jpeg
299,/kaggle/input/kag2/wheat/wheat016arot.jpeg,wheat,4,kaggle/input/kag2/wheat/wheat016arot.jpeg
300,/kaggle/input/kag2/wheat/wheat010ahs.jpeg,wheat,4,kaggle/input/kag2/wheat/wheat010ahs.jpeg
301,/kaggle/input/kag2/wheat/wheat022ahs.jpeg,wheat,4,kaggle/input/kag2/wheat/wheat022ahs.jpeg
302,/kaggle/input/kag2/wheat/wheat010a.jpeg,wheat,4,kaggle/input/kag2/wheat/wheat010a.jpeg
303,/kaggle/input/kag2/wheat/wheat028ahs.jpeg,wheat,4,kaggle/input/kag2/wheat/wheat028ahs.jpeg
304,/kaggle/input/kag2/wheat/wheat019a.jpeg,wheat,4,kaggle/input/kag2/wheat/wheat019a.jpeg
305,/kaggle/input/kag2/wheat/wheat035ahs.jpeg,wheat,4,kaggle/input/kag2/wheat/wheat035ahs.jpeg
306,/kaggle/input/kag2/wheat/wheat028a.jpeg,wheat,4,kaggle/input/kag2/wheat/wheat028a.jpeg
307,/kaggle/input/kag2/wheat/wheat029a.jpeg,wheat,4,kaggle/input/kag2/wheat/wheat029a.jpeg
308,/kaggle/input/kag2/wheat/wheat024a.jpeg,wheat,4,kaggle/input/kag2/wheat/wheat024a.jpeg
309,/kaggle/input/kag2/wheat/wheat003.jpeg,wheat,4,kaggle/input/kag2/wheat/wheat003.jpeg
310,/kaggle/input/kag2/wheat/wheat032ahs.jpeg,wheat,4,kaggle/input/kag2/wheat/wheat032ahs.jpeg
311,/kaggle/input/kag2/wheat/wheat011rot.jpeg,wheat,4,kaggle/input/kag2/wheat/wheat011rot.jpeg
312,/kaggle/input/kag2/wheat/wheat021ahs.jpeg,wheat,4,kaggle/input/kag2/wheat/wheat021ahs.jpeg
313,/kaggle/input/kag2/wheat/wheat014ahs.jpeg,wheat,4,kaggle/input/kag2/wheat/wheat014ahs.jpeg
314,/kaggle/input/kag2/wheat/wheat0002a.jpeg,wheat,4,kaggle/input/kag2/wheat/wheat0002a.jpeg
315,/kaggle/input/kag2/wheat/wheat037arot.jpeg,wheat,4,kaggle/input/kag2/wheat/wheat037arot.jpeg
316,/kaggle/input/kag2/wheat/wheat004arot.jpeg,wheat,4,kaggle/input/kag2/wheat/wheat004arot.jpeg
317,/kaggle/input/kag2/wheat/wheat020ahs.jpeg,wheat,4,kaggle/input/kag2/wheat/wheat020ahs.jpeg
318,/kaggle/input/kag2/wheat/wheat0001ahf.jpeg,wheat,4,kaggle/input/kag2/wheat/wheat0001ahf.jpeg
319,/kaggle/input/kag2/wheat/wheat006arot.jpeg,wheat,4,kaggle/input/kag2/wheat/wheat006arot.jpeg
320,/kaggle/input/kag2/wheat/wheat0002ahf.jpeg,wheat,4,kaggle/input/kag2/wheat/wheat0002ahf.jpeg
321,/kaggle/input/kag2/jute/jute025ahs.jpeg,jute,0,kaggle/input/kag2/jute/jute025ahs.jpeg
322,/kaggle/input/kag2/jute/jute017arot.jpeg,jute,0,kaggle/input/kag2/jute/jute017arot.jpeg
323,/kaggle/input/kag2/jute/jute001ahs.jpeg,jute,0,kaggle/input/kag2/jute/jute001ahs.jpeg
324,/kaggle/input/kag2/jute/jute032arot.jpeg,jute,0,kaggle/input/kag2/jute/jute032arot.jpeg
325,/kaggle/input/kag2/jute/jute003a.jpeg,jute,0,kaggle/input/kag2/jute/jute003a.jpeg
326,/kaggle/input/kag2/jute/jute002ahf.jpeg,jute,0,kaggle/input/kag2/jute/jute002ahf.jpeg
327,/kaggle/input/kag2/jute/jute031arot.jpeg,jute,0,kaggle/input/kag2/jute/jute031arot.jpeg
328,/kaggle/input/kag2/jute/jute033a.jpeg,jute,0,kaggle/input/kag2/jute/jute033a.jpeg
329,/kaggle/input/kag2/jute/jute028a.jpeg,jute,0,kaggle/input/kag2/jute/jute028a.jpeg
330,/kaggle/input/kag2/jute/jute026ahs.jpeg,jute,0,kaggle/input/kag2/jute/jute026ahs.jpeg
331,/kaggle/input/kag2/jute/jute040arot.jpeg,jute,0,kaggle/input/kag2/jute/jute040arot.jpeg
332,/kaggle/input/kag2/jute/jute029ahf.jpeg,jute,0,kaggle/input/kag2/jute/jute029ahf.jpeg
333,/kaggle/input/kag2/jute/jute024ahf.jpeg,jute,0,kaggle/input/kag2/jute/jute024ahf.jpeg
334,/kaggle/input/kag2/jute/jute028arot.jpeg,jute,0,kaggle/input/kag2/jute/jute028arot.jpeg
335,/kaggle/input/kag2/jute/jute016ahs.jpeg,jute,0,kaggle/input/kag2/jute/jute016ahs.jpeg
336,/kaggle/input/kag2/jute/jute018a.jpeg,jute,0,kaggle/input/kag2/jute/jute018a.jpeg
337,/kaggle/input/kag2/jute/jute005ahs.jpeg,jute,0,kaggle/input/kag2/jute/jute005ahs.jpeg
338,/kaggle/input/kag2/jute/jute007ahf.jpeg,jute,0,kaggle/input/kag2/jute/jute007ahf.jpeg
339,/kaggle/input/kag2/jute/jute034a.jpeg,jute,0,kaggle/input/kag2/jute/jute034a.jpeg
340,/kaggle/input/kag2/jute/jute023a.jpeg,jute,0,kaggle/input/kag2/jute/jute023a.jpeg
341,/kaggle/input/kag2/jute/jute020arot.jpeg,jute,0,kaggle/input/kag2/jute/jute020arot.jpeg
342,/kaggle/input/kag2/jute/jute019arot.jpeg,jute,0,kaggle/input/kag2/jute/jute019arot.jpeg
343,/kaggle/input/kag2/jute/jute005arot.jpeg,jute,0,kaggle/input/kag2/jute/jute005arot.jpeg
344,/kaggle/input/kag2/jute/jute040ahf.jpeg,jute,0,kaggle/input/kag2/jute/jute040ahf.jpeg
345,/kaggle/input/kag2/jute/jute004ahf.jpeg,jute,0,kaggle/input/kag2/jute/jute004ahf.jpeg
346,/kaggle/input/kag2/jute/jute029arot.jpeg,jute,0,kaggle/input/kag2/jute/jute029arot.jpeg
347,/kaggle/input/kag2/jute/jute033arot.jpeg,jute,0,kaggle/input/kag2/jute/jute033arot.jpeg
348,/kaggle/input/kag2/jute/jute039ahf.jpeg,jute,0,kaggle/input/kag2/jute/jute039ahf.jpeg
349,/kaggle/input/kag2/jute/jute022a.jpeg,jute,0,kaggle/input/kag2/jute/jute022a.jpeg
350,/kaggle/input/kag2/jute/jute011ahs.jpeg,jute,0,kaggle/input/kag2/jute/jute011ahs.jpeg
351,/kaggle/input/kag2/jute/jute018arot.jpeg,jute,0,kaggle/input/kag2/jute/jute018arot.jpeg
352,/kaggle/input/kag2/jute/jute018ahf.jpeg,jute,0,kaggle/input/kag2/jute/jute018ahf.jpeg
353,/kaggle/input/kag2/jute/jute003ahs.jpeg,jute,0,kaggle/input/kag2/jute/jute003ahs.jpeg
354,/kaggle/input/kag2/jute/jute014ahf.jpeg,jute,0,kaggle/input/kag2/jute/jute014ahf.jpeg
355,/kaggle/input/kag2/jute/jute002a.jpeg,jute,0,kaggle/input/kag2/jute/jute002a.jpeg
356,/kaggle/input/kag2/jute/jute025ahf.jpeg,jute,0,kaggle/input/kag2/jute/jute025ahf.jpeg
357,/kaggle/input/kag2/jute/jute017ahs.jpeg,jute,0,kaggle/input/kag2/jute/jute017ahs.jpeg
358,/kaggle/input/kag2/jute/jute026a.jpeg,jute,0,kaggle/input/kag2/jute/jute026a.jpeg
359,/kaggle/input/kag2/jute/jute008ahf.jpeg,jute,0,kaggle/input/kag2/jute/jute008ahf.jpeg
360,/kaggle/input/kag2/jute/jute011ahf.jpeg,jute,0,kaggle/input/kag2/jute/jute011ahf.jpeg
361,/kaggle/input/kag2/jute/jute030a.jpeg,jute,0,kaggle/input/kag2/jute/jute030a.jpeg
362,/kaggle/input/kag2/jute/jute031ahs.jpeg,jute,0,kaggle/input/kag2/jute/jute031ahs.jpeg
363,/kaggle/input/kag2/jute/jute022arot.jpeg,jute,0,kaggle/input/kag2/jute/jute022arot.jpeg
364,/kaggle/input/kag2/jute/jute039arot.jpeg,jute,0,kaggle/input/kag2/jute/jute039arot.jpeg
365,/kaggle/input/kag2/jute/jute006a.jpeg,jute,0,kaggle/input/kag2/jute/jute006a.jpeg
366,/kaggle/input/kag2/jute/jute022ahf.jpeg,jute,0,kaggle/input/kag2/jute/jute022ahf.jpeg
367,/kaggle/input/kag2/jute/jute019ahf.jpeg,jute,0,kaggle/input/kag2/jute/jute019ahf.jpeg
368,/kaggle/input/kag2/jute/jute010ahf.jpeg,jute,0,kaggle/input/kag2/jute/jute010ahf.jpeg
369,/kaggle/input/kag2/jute/jute008arot.jpeg,jute,0,kaggle/input/kag2/jute/jute008arot.jpeg
370,/kaggle/input/kag2/jute/jute032ahs.jpeg,jute,0,kaggle/input/kag2/jute/jute032ahs.jpeg
371,/kaggle/input/kag2/jute/jute031a.jpeg,jute,0,kaggle/input/kag2/jute/jute031a.jpeg
372,/kaggle/input/kag2/jute/jute037ahs.jpeg,jute,0,kaggle/input/kag2/jute/jute037ahs.jpeg
373,/kaggle/input/kag2/jute/jute003ahf.jpeg,jute,0,kaggle/input/kag2/jute/jute003ahf.jpeg
374,/kaggle/input/kag2/jute/jute007a.jpeg,jute,0,kaggle/input/kag2/jute/jute007a.jpeg
375,/kaggle/input/kag2/jute/jute004ahs.jpeg,jute,0,kaggle/input/kag2/jute/jute004ahs.jpeg
376,/kaggle/input/kag2/jute/jute020ahs.jpeg,jute,0,kaggle/input/kag2/jute/jute020ahs.jpeg
377,/kaggle/input/kag2/jute/jute021arot.jpeg,jute,0,kaggle/input/kag2/jute/jute021arot.jpeg
378,/kaggle/input/kag2/jute/jute023arot.jpeg,jute,0,kaggle/input/kag2/jute/jute023arot.jpeg
379,/kaggle/input/kag2/jute/jute010ahs.jpeg,jute,0,kaggle/input/kag2/jute/jute010ahs.jpeg
380,/kaggle/input/kag2/jute/jute038ahf.jpeg,jute,0,kaggle/input/kag2/jute/jute038ahf.jpeg
381,/kaggle/input/kag2/jute/jute037arot.jpeg,jute,0,kaggle/input/kag2/jute/jute037arot.jpeg
382,/kaggle/input/kag2/jute/jute016arot.jpeg,jute,0,kaggle/input/kag2/jute/jute016arot.jpeg
383,/kaggle/input/kag2/jute/jute009arot.jpeg,jute,0,kaggle/input/kag2/jute/jute009arot.jpeg
384,/kaggle/input/kag2/jute/jute031ahf.jpeg,jute,0,kaggle/input/kag2/jute/jute031ahf.jpeg
385,/kaggle/input/kag2/jute/jute030arot.jpeg,jute,0,kaggle/input/kag2/jute/jute030arot.jpeg
386,/kaggle/input/kag2/jute/jute027ahs.jpeg,jute,0,kaggle/input/kag2/jute/jute027ahs.jpeg
387,/kaggle/input/kag2/jute/jute029ahs.jpeg,jute,0,kaggle/input/kag2/jute/jute029ahs.jpeg
388,/kaggle/input/kag2/jute/jute034ahs.jpeg,jute,0,kaggle/input/kag2/jute/jute034ahs.jpeg
389,/kaggle/input/kag2/jute/jute036arot.jpeg,jute,0,kaggle/input/kag2/jute/jute036arot.jpeg
390,/kaggle/input/kag2/jute/jute030ahs.jpeg,jute,0,kaggle/input/kag2/jute/jute030ahs.jpeg
391,/kaggle/input/kag2/jute/jute016ahf.jpeg,jute,0,kaggle/input/kag2/jute/jute016ahf.jpeg
392,/kaggle/input/kag2/jute/jute018ahs.jpeg,jute,0,kaggle/input/kag2/jute/jute018ahs.jpeg
393,/kaggle/input/kag2/jute/jute026ahf.jpeg,jute,0,kaggle/input/kag2/jute/jute026ahf.jpeg
394,/kaggle/input/kag2/jute/jute023ahs.jpeg,jute,0,kaggle/input/kag2/jute/jute023ahs.jpeg
395,/kaggle/input/kag2/jute/jute009a.jpeg,jute,0,kaggle/input/kag2/jute/jute009a.jpeg
396,/kaggle/input/kag2/jute/jute012a.jpeg,jute,0,kaggle/input/kag2/jute/jute012a.jpeg
397,/kaggle/input/kag2/jute/jute027arot.jpeg,jute,0,kaggle/input/kag2/jute/jute027arot.jpeg
398,/kaggle/input/kag2/jute/jute023ahf.jpeg,jute,0,kaggle/input/kag2/jute/jute023ahf.jpeg
399,/kaggle/input/kag2/jute/jute022ahs.jpeg,jute,0,kaggle/input/kag2/jute/jute022ahs.jpeg
400,/kaggle/input/kag2/jute/jute032ahf.jpeg,jute,0,kaggle/input/kag2/jute/jute032ahf.jpeg
401,/kaggle/input/kag2/jute/jute015ahf.jpeg,jute,0,kaggle/input/kag2/jute/jute015ahf.jpeg
402,/kaggle/input/kag2/jute/jute013ahf.jpeg,jute,0,kaggle/input/kag2/jute/jute013ahf.jpeg
403,/kaggle/input/kag2/jute/jute014a.jpeg,jute,0,kaggle/input/kag2/jute/jute014a.jpeg
404,/kaggle/input/kag2/jute/jute027a.jpeg,jute,0,kaggle/input/kag2/jute/jute027a.jpeg
405,/kaggle/input/kag2/jute/jute014arot.jpeg,jute,0,kaggle/input/kag2/jute/jute014arot.jpeg
406,/kaggle/input/kag2/jute/jute015arot.jpeg,jute,0,kaggle/input/kag2/jute/jute015arot.jpeg
407,/kaggle/input/kag2/jute/jute003arot.jpeg,jute,0,kaggle/input/kag2/jute/jute003arot.jpeg
408,/kaggle/input/kag2/jute/jute035a.jpeg,jute,0,kaggle/input/kag2/jute/jute035a.jpeg
409,/kaggle/input/kag2/jute/jute001a.jpeg,jute,0,kaggle/input/kag2/jute/jute001a.jpeg
410,/kaggle/input/kag2/jute/jute002arot.jpeg,jute,0,kaggle/input/kag2/jute/jute002arot.jpeg
411,/kaggle/input/kag2/jute/jute035ahs.jpeg,jute,0,kaggle/input/kag2/jute/jute035ahs.jpeg
412,/kaggle/input/kag2/jute/jute033ahs.jpeg,jute,0,kaggle/input/kag2/jute/jute033ahs.jpeg
413,/kaggle/input/kag2/jute/jute033ahf.jpeg,jute,0,kaggle/input/kag2/jute/jute033ahf.jpeg
414,/kaggle/input/kag2/jute/jute013a.jpeg,jute,0,kaggle/input/kag2/jute/jute013a.jpeg
415,/kaggle/input/kag2/jute/jute020ahf.jpeg,jute,0,kaggle/input/kag2/jute/jute020ahf.jpeg
416,/kaggle/input/kag2/jute/jute006ahf.jpeg,jute,0,kaggle/input/kag2/jute/jute006ahf.jpeg
417,/kaggle/input/kag2/jute/jute007arot.jpeg,jute,0,kaggle/input/kag2/jute/jute007arot.jpeg
418,/kaggle/input/kag2/jute/jute032a.jpeg,jute,0,kaggle/input/kag2/jute/jute032a.jpeg
419,/kaggle/input/kag2/jute/jute011arot.jpeg,jute,0,kaggle/input/kag2/jute/jute011arot.jpeg
420,/kaggle/input/kag2/jute/jute001ahf.jpeg,jute,0,kaggle/input/kag2/jute/jute001ahf.jpeg
421,/kaggle/input/kag2/jute/jute004a.jpeg,jute,0,kaggle/input/kag2/jute/jute004a.jpeg
422,/kaggle/input/kag2/jute/jute024a.jpeg,jute,0,kaggle/input/kag2/jute/jute024a.jpeg
423,/kaggle/input/kag2/jute/jute021ahs.jpeg,jute,0,kaggle/input/kag2/jute/jute021ahs.jpeg
424,/kaggle/input/kag2/jute/jute024ahs.jpeg,jute,0,kaggle/input/kag2/jute/jute024ahs.jpeg
425,/kaggle/input/kag2/jute/jute036ahf.jpeg,jute,0,kaggle/input/kag2/jute/jute036ahf.jpeg
426,/kaggle/input/kag2/jute/jute009ahf.jpeg,jute,0,kaggle/input/kag2/jute/jute009ahf.jpeg
427,/kaggle/input/kag2/jute/jute016a.jpeg,jute,0,kaggle/input/kag2/jute/jute016a.jpeg
428,/kaggle/input/kag2/jute/jute021a.jpeg,jute,0,kaggle/input/kag2/jute/jute021a.jpeg
429,/kaggle/input/kag2/jute/jute038ahs.jpeg,jute,0,kaggle/input/kag2/jute/jute038ahs.jpeg
430,/kaggle/input/kag2/jute/jute004arot.jpeg,jute,0,kaggle/input/kag2/jute/jute004arot.jpeg
431,/kaggle/input/kag2/jute/jute037a.jpeg,jute,0,kaggle/input/kag2/jute/jute037a.jpeg
432,/kaggle/input/kag2/jute/jute035arot.jpeg,jute,0,kaggle/input/kag2/jute/jute035arot.jpeg
433,/kaggle/input/kag2/jute/jute038a.jpeg,jute,0,kaggle/input/kag2/jute/jute038a.jpeg
434,/kaggle/input/kag2/jute/jute012ahf.jpeg,jute,0,kaggle/input/kag2/jute/jute012ahf.jpeg
435,/kaggle/input/kag2/jute/jute029a.jpeg,jute,0,kaggle/input/kag2/jute/jute029a.jpeg
436,/kaggle/input/kag2/jute/jute013arot.jpeg,jute,0,kaggle/input/kag2/jute/jute013arot.jpeg
437,/kaggle/input/kag2/jute/jute028ahs.jpeg,jute,0,kaggle/input/kag2/jute/jute028ahs.jpeg
438,/kaggle/input/kag2/jute/jute027ahf.jpeg,jute,0,kaggle/input/kag2/jute/jute027ahf.jpeg
439,/kaggle/input/kag2/jute/jute026arot.jpeg,jute,0,kaggle/input/kag2/jute/jute026arot.jpeg
440,/kaggle/input/kag2/jute/jute025arot.jpeg,jute,0,kaggle/input/kag2/jute/jute025arot.jpeg
441,/kaggle/input/kag2/jute/jute024arot.jpeg,jute,0,kaggle/input/kag2/jute/jute024arot.jpeg
442,/kaggle/input/kag2/jute/jute006arot.jpeg,jute,0,kaggle/input/kag2/jute/jute006arot.jpeg
443,/kaggle/input/kag2/jute/jute014ahs.jpeg,jute,0,kaggle/input/kag2/jute/jute014ahs.jpeg
444,/kaggle/input/kag2/jute/jute005a.jpeg,jute,0,kaggle/input/kag2/jute/jute005a.jpeg
445,/kaggle/input/kag2/jute/jute036a.jpeg,jute,0,kaggle/input/kag2/jute/jute036a.jpeg
446,/kaggle/input/kag2/jute/jute039ahs.jpeg,jute,0,kaggle/input/kag2/jute/jute039ahs.jpeg
447,/kaggle/input/kag2/jute/jute037ahf.jpeg,jute,0,kaggle/input/kag2/jute/jute037ahf.jpeg
448,/kaggle/input/kag2/jute/jute021ahf.jpeg,jute,0,kaggle/input/kag2/jute/jute021ahf.jpeg
449,/kaggle/input/kag2/jute/jute025a.jpeg,jute,0,kaggle/input/kag2/jute/jute025a.jpeg
450,/kaggle/input/kag2/jute/jute006ahs.jpeg,jute,0,kaggle/input/kag2/jute/jute006ahs.jpeg
451,/kaggle/input/kag2/jute/jute011a.jpeg,jute,0,kaggle/input/kag2/jute/jute011a.jpeg
452,/kaggle/input/kag2/jute/jute017ahf.jpeg,jute,0,kaggle/input/kag2/jute/jute017ahf.jpeg
453,/kaggle/input/kag2/jute/jute002ahs.jpeg,jute,0,kaggle/input/kag2/jute/jute002ahs.jpeg
454,/kaggle/input/kag2/jute/jute040a.jpeg,jute,0,kaggle/input/kag2/jute/jute040a.jpeg
455,/kaggle/input/kag2/jute/jute035ahf.jpeg,jute,0,kaggle/input/kag2/jute/jute035ahf.jpeg
456,/kaggle/input/kag2/jute/jute039a.jpeg,jute,0,kaggle/input/kag2/jute/jute039a.jpeg
457,/kaggle/input/kag2/jute/jute015ahs.jpeg,jute,0,kaggle/input/kag2/jute/jute015ahs.jpeg
458,/kaggle/input/kag2/jute/jute009ahs.jpeg,jute,0,kaggle/input/kag2/jute/jute009ahs.jpeg
459,/kaggle/input/kag2/jute/jute028ahf.jpeg,jute,0,kaggle/input/kag2/jute/jute028ahf.jpeg
460,/kaggle/input/kag2/jute/jute007ahs.jpeg,jute,0,kaggle/input/kag2/jute/jute007ahs.jpeg
461,/kaggle/input/kag2/jute/jute034arot.jpeg,jute,0,kaggle/input/kag2/jute/jute034arot.jpeg
462,/kaggle/input/kag2/jute/jute017a.jpeg,jute,0,kaggle/input/kag2/jute/jute017a.jpeg
463,/kaggle/input/kag2/jute/jute008a.jpeg,jute,0,kaggle/input/kag2/jute/jute008a.jpeg
464,/kaggle/input/kag2/jute/jute034ahf.jpeg,jute,0,kaggle/input/kag2/jute/jute034ahf.jpeg
465,/kaggle/input/kag2/jute/jute010arot.jpeg,jute,0,kaggle/input/kag2/jute/jute010arot.jpeg
466,/kaggle/input/kag2/jute/jute015a.jpeg,jute,0,kaggle/input/kag2/jute/jute015a.jpeg
467,/kaggle/input/kag2/jute/jute008ahs.jpeg,jute,0,kaggle/input/kag2/jute/jute008ahs.jpeg
468,/kaggle/input/kag2/jute/jute019ahs.jpeg,jute,0,kaggle/input/kag2/jute/jute019ahs.jpeg
469,/kaggle/input/kag2/jute/jute010a.jpeg,jute,0,kaggle/input/kag2/jute/jute010a.jpeg
470,/kaggle/input/kag2/jute/jute012ahs.jpeg,jute,0,kaggle/input/kag2/jute/jute012ahs.jpeg
471,/kaggle/input/kag2/jute/jute005ahf.jpeg,jute,0,kaggle/input/kag2/jute/jute005ahf.jpeg
472,/kaggle/input/kag2/jute/jute038arot.jpeg,jute,0,kaggle/input/kag2/jute/jute038arot.jpeg
473,/kaggle/input/kag2/jute/jute030ahf.jpeg,jute,0,kaggle/input/kag2/jute/jute030ahf.jpeg
474,/kaggle/input/kag2/jute/jute040ahs.jpeg,jute,0,kaggle/input/kag2/jute/jute040ahs.jpeg
475,/kaggle/input/kag2/jute/jute012arot.jpeg,jute,0,kaggle/input/kag2/jute/jute012arot.jpeg
476,/kaggle/input/kag2/jute/jute020a.jpeg,jute,0,kaggle/input/kag2/jute/jute020a.jpeg
477,/kaggle/input/kag2/jute/jute036ahs.jpeg,jute,0,kaggle/input/kag2/jute/jute036ahs.jpeg
478,/kaggle/input/kag2/jute/jute019a.jpeg,jute,0,kaggle/input/kag2/jute/jute019a.jpeg
479,/kaggle/input/kag2/jute/jute013ahs.jpeg,jute,0,kaggle/input/kag2/jute/jute013ahs.jpeg
480,/kaggle/input/kag2/maize/maize020ahf.jpeg,maize,1,kaggle/input/kag2/maize/maize020ahf.jpeg
481,/kaggle/input/kag2/maize/maize035ahf.jpeg,maize,1,kaggle/input/kag2/maize/maize035ahf.jpeg
482,/kaggle/input/kag2/maize/maize021ahf.jpeg,maize,1,kaggle/input/kag2/maize/maize021ahf.jpeg
483,/kaggle/input/kag2/maize/maize022arot.jpeg,maize,1,kaggle/input/kag2/maize/maize022arot.jpeg
484,/kaggle/input/kag2/maize/maize014hs.jpeg,maize,1,kaggle/input/kag2/maize/maize014hs.jpeg
485,/kaggle/input/kag2/maize/maize011ahs.jpeg,maize,1,kaggle/input/kag2/maize/maize011ahs.jpeg
486,/kaggle/input/kag2/maize/maize008a.jpeg,maize,1,kaggle/input/kag2/maize/maize008a.jpeg
487,/kaggle/input/kag2/maize/maize016ahf.jpeg,maize,1,kaggle/input/kag2/maize/maize016ahf.jpeg
488,/kaggle/input/kag2/maize/maize021ahs.jpeg,maize,1,kaggle/input/kag2/maize/maize021ahs.jpeg
489,/kaggle/input/kag2/maize/maize011ahf.jpeg,maize,1,kaggle/input/kag2/maize/maize011ahf.jpeg
490,/kaggle/input/kag2/maize/maize039a.jpeg,maize,1,kaggle/input/kag2/maize/maize039a.jpeg
491,/kaggle/input/kag2/maize/maize031arot.jpeg,maize,1,kaggle/input/kag2/maize/maize031arot.jpeg
492,/kaggle/input/kag2/maize/maize028arot.jpeg,maize,1,kaggle/input/kag2/maize/maize028arot.jpeg
493,/kaggle/input/kag2/maize/maize029arot.jpeg,maize,1,kaggle/input/kag2/maize/maize029arot.jpeg
494,/kaggle/input/kag2/maize/maize037ahs.jpeg,maize,1,kaggle/input/kag2/maize/maize037ahs.jpeg
495,/kaggle/input/kag2/maize/maize020ahs.jpeg,maize,1,kaggle/input/kag2/maize/maize020ahs.jpeg
496,/kaggle/input/kag2/maize/maize007hs.jpeg,maize,1,kaggle/input/kag2/maize/maize007hs.jpeg
497,/kaggle/input/kag2/maize/maize031ahf.jpeg,maize,1,kaggle/input/kag2/maize/maize031ahf.jpeg
498,/kaggle/input/kag2/maize/maize017ahs.jpeg,maize,1,kaggle/input/kag2/maize/maize017ahs.jpeg
499,/kaggle/input/kag2/maize/maize019a.jpeg,maize,1,kaggle/input/kag2/maize/maize019a.jpeg
500,/kaggle/input/kag2/maize/maize032a.jpeg,maize,1,kaggle/input/kag2/maize/maize032a.jpeg
501,/kaggle/input/kag2/maize/maize018a.jpeg,maize,1,kaggle/input/kag2/maize/maize018a.jpeg
502,/kaggle/input/kag2/maize/maize013ahs.jpeg,maize,1,kaggle/input/kag2/maize/maize013ahs.jpeg
503,/kaggle/input/kag2/maize/maize024arot.jpeg,maize,1,kaggle/input/kag2/maize/maize024arot.jpeg
504,/kaggle/input/kag2/maize/maize001ahs.jpeg,maize,1,kaggle/input/kag2/maize/maize001ahs.jpeg
505,/kaggle/input/kag2/maize/maize015ahs.jpeg,maize,1,kaggle/input/kag2/maize/maize015ahs.jpeg
506,/kaggle/input/kag2/maize/maize003ahs.jpeg,maize,1,kaggle/input/kag2/maize/maize003ahs.jpeg
507,/kaggle/input/kag2/maize/maize004ahs.jpeg,maize,1,kaggle/input/kag2/maize/maize004ahs.jpeg
508,/kaggle/input/kag2/maize/maize025arot.jpeg,maize,1,kaggle/input/kag2/maize/maize025arot.jpeg
509,/kaggle/input/kag2/maize/maize035arot.jpeg,maize,1,kaggle/input/kag2/maize/maize035arot.jpeg
510,/kaggle/input/kag2/maize/maize037a.jpeg,maize,1,kaggle/input/kag2/maize/maize037a.jpeg
511,/kaggle/input/kag2/maize/maize019ahs.jpeg,maize,1,kaggle/input/kag2/maize/maize019ahs.jpeg
512,/kaggle/input/kag2/maize/maize030ahf.jpeg,maize,1,kaggle/input/kag2/maize/maize030ahf.jpeg
513,/kaggle/input/kag2/maize/maize005arot.jpeg,maize,1,kaggle/input/kag2/maize/maize005arot.jpeg
514,/kaggle/input/kag2/maize/maize019arot.jpeg,maize,1,kaggle/input/kag2/maize/maize019arot.jpeg
515,/kaggle/input/kag2/maize/maize027ahf.jpeg,maize,1,kaggle/input/kag2/maize/maize027ahf.jpeg
516,/kaggle/input/kag2/maize/maize038ahs.jpeg,maize,1,kaggle/input/kag2/maize/maize038ahs.jpeg
517,/kaggle/input/kag2/maize/maize036a.jpeg,maize,1,kaggle/input/kag2/maize/maize036a.jpeg
518,/kaggle/input/kag2/maize/maize016ahs.jpeg,maize,1,kaggle/input/kag2/maize/maize016ahs.jpeg
519,/kaggle/input/kag2/maize/maize002arot.jpeg,maize,1,kaggle/input/kag2/maize/maize002arot.jpeg
520,/kaggle/input/kag2/maize/maize015arot.jpeg,maize,1,kaggle/input/kag2/maize/maize015arot.jpeg
521,/kaggle/input/kag2/maize/maize014hf.jpeg,maize,1,kaggle/input/kag2/maize/maize014hf.jpeg
522,/kaggle/input/kag2/maize/maize009a.jpeg,maize,1,kaggle/input/kag2/maize/maize009a.jpeg
523,/kaggle/input/kag2/maize/maize012ahf.jpeg,maize,1,kaggle/input/kag2/maize/maize012ahf.jpeg
524,/kaggle/input/kag2/maize/maize039arot.jpeg,maize,1,kaggle/input/kag2/maize/maize039arot.jpeg
525,/kaggle/input/kag2/maize/maize032ahf.jpeg,maize,1,kaggle/input/kag2/maize/maize032ahf.jpeg
526,/kaggle/input/kag2/maize/maize023a.jpeg,maize,1,kaggle/input/kag2/maize/maize023a.jpeg
527,/kaggle/input/kag2/maize/maize009arot.jpeg,maize,1,kaggle/input/kag2/maize/maize009arot.jpeg
528,/kaggle/input/kag2/maize/maize020arot.jpeg,maize,1,kaggle/input/kag2/maize/maize020arot.jpeg
529,/kaggle/input/kag2/maize/maize034a.jpeg,maize,1,kaggle/input/kag2/maize/maize034a.jpeg
530,/kaggle/input/kag2/maize/maize012arot.jpeg,maize,1,kaggle/input/kag2/maize/maize012arot.jpeg
531,/kaggle/input/kag2/maize/maize026ahs.jpeg,maize,1,kaggle/input/kag2/maize/maize026ahs.jpeg
532,/kaggle/input/kag2/maize/maize006rot.jpeg,maize,1,kaggle/input/kag2/maize/maize006rot.jpeg
533,/kaggle/input/kag2/maize/maize025ahs.jpeg,maize,1,kaggle/input/kag2/maize/maize025ahs.jpeg
534,/kaggle/input/kag2/maize/maize027a.jpeg,maize,1,kaggle/input/kag2/maize/maize027a.jpeg
535,/kaggle/input/kag2/maize/maize015ahf.jpeg,maize,1,kaggle/input/kag2/maize/maize015ahf.jpeg
536,/kaggle/input/kag2/maize/maize033ahs.jpeg,maize,1,kaggle/input/kag2/maize/maize033ahs.jpeg
537,/kaggle/input/kag2/maize/maize017a.jpeg,maize,1,kaggle/input/kag2/maize/maize017a.jpeg
538,/kaggle/input/kag2/maize/maize035a.jpeg,maize,1,kaggle/input/kag2/maize/maize035a.jpeg
539,/kaggle/input/kag2/maize/maize028ahf.jpeg,maize,1,kaggle/input/kag2/maize/maize028ahf.jpeg
540,/kaggle/input/kag2/maize/maize010a.jpeg,maize,1,kaggle/input/kag2/maize/maize010a.jpeg
541,/kaggle/input/kag2/maize/maize020a.jpeg,maize,1,kaggle/input/kag2/maize/maize020a.jpeg
542,/kaggle/input/kag2/maize/maize031ahs.jpeg,maize,1,kaggle/input/kag2/maize/maize031ahs.jpeg
543,/kaggle/input/kag2/maize/maize022ahf.jpeg,maize,1,kaggle/input/kag2/maize/maize022ahf.jpeg
544,/kaggle/input/kag2/maize/maize030ahs.jpeg,maize,1,kaggle/input/kag2/maize/maize030ahs.jpeg
545,/kaggle/input/kag2/maize/maize033ahf.jpeg,maize,1,kaggle/input/kag2/maize/maize033ahf.jpeg
546,/kaggle/input/kag2/maize/maize007.jpeg,maize,1,kaggle/input/kag2/maize/maize007.jpeg
547,/kaggle/input/kag2/maize/maize002ahf.jpeg,maize,1,kaggle/input/kag2/maize/maize002ahf.jpeg
548,/kaggle/input/kag2/maize/maize039ahf.jpeg,maize,1,kaggle/input/kag2/maize/maize039ahf.jpeg
549,/kaggle/input/kag2/maize/maize012ahs.jpeg,maize,1,kaggle/input/kag2/maize/maize012ahs.jpeg
550,/kaggle/input/kag2/maize/maize018ahf.jpeg,maize,1,kaggle/input/kag2/maize/maize018ahf.jpeg
551,/kaggle/input/kag2/maize/maize021a.jpeg,maize,1,kaggle/input/kag2/maize/maize021a.jpeg
552,/kaggle/input/kag2/maize/maize029a.jpeg,maize,1,kaggle/input/kag2/maize/maize029a.jpeg
553,/kaggle/input/kag2/maize/maize035ahs.jpeg,maize,1,kaggle/input/kag2/maize/maize035ahs.jpeg
554,/kaggle/input/kag2/maize/maize033arot.jpeg,maize,1,kaggle/input/kag2/maize/maize033arot.jpeg
555,/kaggle/input/kag2/maize/maize025ahf.jpeg,maize,1,kaggle/input/kag2/maize/maize025ahf.jpeg
556,/kaggle/input/kag2/maize/maize018arot.jpeg,maize,1,kaggle/input/kag2/maize/maize018arot.jpeg
557,/kaggle/input/kag2/maize/maize009ahf.jpeg,maize,1,kaggle/input/kag2/maize/maize009ahf.jpeg
558,/kaggle/input/kag2/maize/maize024a.jpeg,maize,1,kaggle/input/kag2/maize/maize024a.jpeg
559,/kaggle/input/kag2/maize/maize008arot.jpeg,maize,1,kaggle/input/kag2/maize/maize008arot.jpeg
560,/kaggle/input/kag2/maize/maize024ahs.jpeg,maize,1,kaggle/input/kag2/maize/maize024ahs.jpeg
561,/kaggle/input/kag2/maize/maize018ahs.jpeg,maize,1,kaggle/input/kag2/maize/maize018ahs.jpeg
562,/kaggle/input/kag2/maize/maize040arot.jpeg,maize,1,kaggle/input/kag2/maize/maize040arot.jpeg
563,/kaggle/input/kag2/maize/maize038arot.jpeg,maize,1,kaggle/input/kag2/maize/maize038arot.jpeg
564,/kaggle/input/kag2/maize/maize002a.jpeg,maize,1,kaggle/input/kag2/maize/maize002a.jpeg
565,/kaggle/input/kag2/maize/maize024ahf.jpeg,maize,1,kaggle/input/kag2/maize/maize024ahf.jpeg
566,/kaggle/input/kag2/maize/maize011a.jpeg,maize,1,kaggle/input/kag2/maize/maize011a.jpeg
567,/kaggle/input/kag2/maize/maize023arot.jpeg,maize,1,kaggle/input/kag2/maize/maize023arot.jpeg
568,/kaggle/input/kag2/maize/maize004ahf.jpeg,maize,1,kaggle/input/kag2/maize/maize004ahf.jpeg
569,/kaggle/input/kag2/maize/maize030a.jpeg,maize,1,kaggle/input/kag2/maize/maize030a.jpeg
570,/kaggle/input/kag2/maize/maize030arot.jpeg,maize,1,kaggle/input/kag2/maize/maize030arot.jpeg
571,/kaggle/input/kag2/maize/maize032ahs.jpeg,maize,1,kaggle/input/kag2/maize/maize032ahs.jpeg
572,/kaggle/input/kag2/maize/maize034ahs.jpeg,maize,1,kaggle/input/kag2/maize/maize034ahs.jpeg
573,/kaggle/input/kag2/maize/maize005ahs.jpeg,maize,1,kaggle/input/kag2/maize/maize005ahs.jpeg
574,/kaggle/input/kag2/maize/maize006.jpeg,maize,1,kaggle/input/kag2/maize/maize006.jpeg
575,/kaggle/input/kag2/maize/maize032arot.jpeg,maize,1,kaggle/input/kag2/maize/maize032arot.jpeg
576,/kaggle/input/kag2/maize/maize006hf.jpeg,maize,1,kaggle/input/kag2/maize/maize006hf.jpeg
577,/kaggle/input/kag2/maize/maize023ahs.jpeg,maize,1,kaggle/input/kag2/maize/maize023ahs.jpeg
578,/kaggle/input/kag2/maize/maize028ahs.jpeg,maize,1,kaggle/input/kag2/maize/maize028ahs.jpeg
579,/kaggle/input/kag2/maize/maize034ahf.jpeg,maize,1,kaggle/input/kag2/maize/maize034ahf.jpeg
580,/kaggle/input/kag2/maize/maize002ahs.jpeg,maize,1,kaggle/input/kag2/maize/maize002ahs.jpeg
581,/kaggle/input/kag2/maize/maize039ahs.jpeg,maize,1,kaggle/input/kag2/maize/maize039ahs.jpeg
582,/kaggle/input/kag2/maize/maize016a.jpeg,maize,1,kaggle/input/kag2/maize/maize016a.jpeg
583,/kaggle/input/kag2/maize/maize025a.jpeg,maize,1,kaggle/input/kag2/maize/maize025a.jpeg
584,/kaggle/input/kag2/maize/maize009ahs.jpeg,maize,1,kaggle/input/kag2/maize/maize009ahs.jpeg
585,/kaggle/input/kag2/maize/maize005a.jpeg,maize,1,kaggle/input/kag2/maize/maize005a.jpeg
586,/kaggle/input/kag2/maize/maize031a.jpeg,maize,1,kaggle/input/kag2/maize/maize031a.jpeg
587,/kaggle/input/kag2/maize/maize026a.jpeg,maize,1,kaggle/input/kag2/maize/maize026a.jpeg
588,/kaggle/input/kag2/maize/maize040ahf.jpeg,maize,1,kaggle/input/kag2/maize/maize040ahf.jpeg
589,/kaggle/input/kag2/maize/maize003a.jpeg,maize,1,kaggle/input/kag2/maize/maize003a.jpeg
590,/kaggle/input/kag2/maize/maize036ahs.jpeg,maize,1,kaggle/input/kag2/maize/maize036ahs.jpeg
591,/kaggle/input/kag2/maize/maize036ahf.jpeg,maize,1,kaggle/input/kag2/maize/maize036ahf.jpeg
592,/kaggle/input/kag2/maize/maize013a.jpeg,maize,1,kaggle/input/kag2/maize/maize013a.jpeg
593,/kaggle/input/kag2/maize/maize026arot.jpeg,maize,1,kaggle/input/kag2/maize/maize026arot.jpeg
594,/kaggle/input/kag2/maize/maize007hf.jpeg,maize,1,kaggle/input/kag2/maize/maize007hf.jpeg
595,/kaggle/input/kag2/maize/maize013arot.jpeg,maize,1,kaggle/input/kag2/maize/maize013arot.jpeg
596,/kaggle/input/kag2/maize/maize005ahf.jpeg,maize,1,kaggle/input/kag2/maize/maize005ahf.jpeg
597,/kaggle/input/kag2/maize/maize040ahs.jpeg,maize,1,kaggle/input/kag2/maize/maize040ahs.jpeg
598,/kaggle/input/kag2/maize/maize006hs.jpeg,maize,1,kaggle/input/kag2/maize/maize006hs.jpeg
599,/kaggle/input/kag2/maize/maize014.jpeg,maize,1,kaggle/input/kag2/maize/maize014.jpeg
600,/kaggle/input/kag2/maize/maize034arot.jpeg,maize,1,kaggle/input/kag2/maize/maize034arot.jpeg
601,/kaggle/input/kag2/maize/maize026ahf.jpeg,maize,1,kaggle/input/kag2/maize/maize026ahf.jpeg
602,/kaggle/input/kag2/maize/maize010ahf.jpeg,maize,1,kaggle/input/kag2/maize/maize010ahf.jpeg
603,/kaggle/input/kag2/maize/maize028a.jpeg,maize,1,kaggle/input/kag2/maize/maize028a.jpeg
604,/kaggle/input/kag2/maize/maize001arot.jpeg,maize,1,kaggle/input/kag2/maize/maize001arot.jpeg
605,/kaggle/input/kag2/maize/maize003ahf.jpeg,maize,1,kaggle/input/kag2/maize/maize003ahf.jpeg
606,/kaggle/input/kag2/maize/maize037ahf.jpeg,maize,1,kaggle/input/kag2/maize/maize037ahf.jpeg
607,/kaggle/input/kag2/maize/maize001a.jpeg,maize,1,kaggle/input/kag2/maize/maize001a.jpeg
608,/kaggle/input/kag2/maize/maize014rot.jpeg,maize,1,kaggle/input/kag2/maize/maize014rot.jpeg
609,/kaggle/input/kag2/maize/maize001ahf.jpeg,maize,1,kaggle/input/kag2/maize/maize001ahf.jpeg
610,/kaggle/input/kag2/maize/maize022ahs.jpeg,maize,1,kaggle/input/kag2/maize/maize022ahs.jpeg
611,/kaggle/input/kag2/maize/maize015a.jpeg,maize,1,kaggle/input/kag2/maize/maize015a.jpeg
612,/kaggle/input/kag2/maize/maize017arot.jpeg,maize,1,kaggle/input/kag2/maize/maize017arot.jpeg
613,/kaggle/input/kag2/maize/maize013ahf.jpeg,maize,1,kaggle/input/kag2/maize/maize013ahf.jpeg
614,/kaggle/input/kag2/maize/maize038ahf.jpeg,maize,1,kaggle/input/kag2/maize/maize038ahf.jpeg
615,/kaggle/input/kag2/maize/maize033a.jpeg,maize,1,kaggle/input/kag2/maize/maize033a.jpeg
616,/kaggle/input/kag2/maize/maize016arot.jpeg,maize,1,kaggle/input/kag2/maize/maize016arot.jpeg
617,/kaggle/input/kag2/maize/maize029ahf.jpeg,maize,1,kaggle/input/kag2/maize/maize029ahf.jpeg
618,/kaggle/input/kag2/maize/maize027ahs.jpeg,maize,1,kaggle/input/kag2/maize/maize027ahs.jpeg
619,/kaggle/input/kag2/maize/maize029ahs.jpeg,maize,1,kaggle/input/kag2/maize/maize029ahs.jpeg
620,/kaggle/input/kag2/maize/maize012a.jpeg,maize,1,kaggle/input/kag2/maize/maize012a.jpeg
621,/kaggle/input/kag2/maize/maize022a.jpeg,maize,1,kaggle/input/kag2/maize/maize022a.jpeg
622,/kaggle/input/kag2/maize/maize007rot.jpeg,maize,1,kaggle/input/kag2/maize/maize007rot.jpeg
623,/kaggle/input/kag2/maize/maize010arot.jpeg,maize,1,kaggle/input/kag2/maize/maize010arot.jpeg
624,/kaggle/input/kag2/maize/maize019ahf.jpeg,maize,1,kaggle/input/kag2/maize/maize019ahf.jpeg
625,/kaggle/input/kag2/maize/maize017ahf.jpeg,maize,1,kaggle/input/kag2/maize/maize017ahf.jpeg
626,/kaggle/input/kag2/maize/maize027arot.jpeg,maize,1,kaggle/input/kag2/maize/maize027arot.jpeg
627,/kaggle/input/kag2/maize/maize021arot.jpeg,maize,1,kaggle/input/kag2/maize/maize021arot.jpeg
628,/kaggle/input/kag2/maize/maize038a.jpeg,maize,1,kaggle/input/kag2/maize/maize038a.jpeg
629,/kaggle/input/kag2/maize/maize008ahf.jpeg,maize,1,kaggle/input/kag2/maize/maize008ahf.jpeg
630,/kaggle/input/kag2/maize/maize023ahf.jpeg,maize,1,kaggle/input/kag2/maize/maize023ahf.jpeg
631,/kaggle/input/kag2/maize/maize010ahs.jpeg,maize,1,kaggle/input/kag2/maize/maize010ahs.jpeg
632,/kaggle/input/kag2/maize/maize011arot.jpeg,maize,1,kaggle/input/kag2/maize/maize011arot.jpeg
633,/kaggle/input/kag2/maize/maize008ahs.jpeg,maize,1,kaggle/input/kag2/maize/maize008ahs.jpeg
634,/kaggle/input/kag2/maize/maize004arot.jpeg,maize,1,kaggle/input/kag2/maize/maize004arot.jpeg
635,/kaggle/input/kag2/maize/maize004a.jpeg,maize,1,kaggle/input/kag2/maize/maize004a.jpeg
636,/kaggle/input/kag2/maize/maize003arot.jpeg,maize,1,kaggle/input/kag2/maize/maize003arot.jpeg
637,/kaggle/input/kag2/maize/maize037arot.jpeg,maize,1,kaggle/input/kag2/maize/maize037arot.jpeg
638,/kaggle/input/kag2/maize/maize040a.jpeg,maize,1,kaggle/input/kag2/maize/maize040a.jpeg
639,/kaggle/input/kag2/rice/rice024ahs.jpeg,rice,2,kaggle/input/kag2/rice/rice024ahs.jpeg
640,/kaggle/input/kag2/rice/rice025arot.jpeg,rice,2,kaggle/input/kag2/rice/rice025arot.jpeg
641,/kaggle/input/kag2/rice/rice002a.jpeg,rice,2,kaggle/input/kag2/rice/rice002a.jpeg
642,/kaggle/input/kag2/rice/rice023arot.jpeg,rice,2,kaggle/input/kag2/rice/rice023arot.jpeg
643,/kaggle/input/kag2/rice/rice006a.jpeg,rice,2,kaggle/input/kag2/rice/rice006a.jpeg
644,/kaggle/input/kag2/rice/rice018ahf.jpeg,rice,2,kaggle/input/kag2/rice/rice018ahf.jpeg
645,/kaggle/input/kag2/rice/rice008a.jpeg,rice,2,kaggle/input/kag2/rice/rice008a.jpeg
646,/kaggle/input/kag2/rice/rice013ahf.jpeg,rice,2,kaggle/input/kag2/rice/rice013ahf.jpeg
647,/kaggle/input/kag2/rice/rice037arot.jpeg,rice,2,kaggle/input/kag2/rice/rice037arot.jpeg
648,/kaggle/input/kag2/rice/rice020ahs.jpeg,rice,2,kaggle/input/kag2/rice/rice020ahs.jpeg
649,/kaggle/input/kag2/rice/rice027ahs.jpeg,rice,2,kaggle/input/kag2/rice/rice027ahs.jpeg
650,/kaggle/input/kag2/rice/rice033ahf.jpeg,rice,2,kaggle/input/kag2/rice/rice033ahf.jpeg
651,/kaggle/input/kag2/rice/rice039ahs.jpeg,rice,2,kaggle/input/kag2/rice/rice039ahs.jpeg
652,/kaggle/input/kag2/rice/rice010arot.jpeg,rice,2,kaggle/input/kag2/rice/rice010arot.jpeg
653,/kaggle/input/kag2/rice/rice033a.jpeg,rice,2,kaggle/input/kag2/rice/rice033a.jpeg
654,/kaggle/input/kag2/rice/rice017a.jpeg,rice,2,kaggle/input/kag2/rice/rice017a.jpeg
655,/kaggle/input/kag2/rice/rice037a.jpeg,rice,2,kaggle/input/kag2/rice/rice037a.jpeg
656,/kaggle/input/kag2/rice/rice001ahs.jpeg,rice,2,kaggle/input/kag2/rice/rice001ahs.jpeg
657,/kaggle/input/kag2/rice/rice010ahf.jpeg,rice,2,kaggle/input/kag2/rice/rice010ahf.jpeg
658,/kaggle/input/kag2/rice/rice037ahf.jpeg,rice,2,kaggle/input/kag2/rice/rice037ahf.jpeg
659,/kaggle/input/kag2/rice/rice014arot.jpeg,rice,2,kaggle/input/kag2/rice/rice014arot.jpeg
660,/kaggle/input/kag2/rice/rice011ahf.jpeg,rice,2,kaggle/input/kag2/rice/rice011ahf.jpeg
661,/kaggle/input/kag2/rice/rice024a.jpeg,rice,2,kaggle/input/kag2/rice/rice024a.jpeg
662,/kaggle/input/kag2/rice/rice019a.jpeg,rice,2,kaggle/input/kag2/rice/rice019a.jpeg
663,/kaggle/input/kag2/rice/rice035ahs.jpeg,rice,2,kaggle/input/kag2/rice/rice035ahs.jpeg
664,/kaggle/input/kag2/rice/rice001ahf.jpeg,rice,2,kaggle/input/kag2/rice/rice001ahf.jpeg
665,/kaggle/input/kag2/rice/rice002ahf.jpeg,rice,2,kaggle/input/kag2/rice/rice002ahf.jpeg
666,/kaggle/input/kag2/rice/rice012ahf.jpeg,rice,2,kaggle/input/kag2/rice/rice012ahf.jpeg
667,/kaggle/input/kag2/rice/rice013a.jpeg,rice,2,kaggle/input/kag2/rice/rice013a.jpeg
668,/kaggle/input/kag2/rice/rice012a.jpeg,rice,2,kaggle/input/kag2/rice/rice012a.jpeg
669,/kaggle/input/kag2/rice/rice015ahf.jpeg,rice,2,kaggle/input/kag2/rice/rice015ahf.jpeg
670,/kaggle/input/kag2/rice/rice033ahs.jpeg,rice,2,kaggle/input/kag2/rice/rice033ahs.jpeg
671,/kaggle/input/kag2/rice/rice036arot.jpeg,rice,2,kaggle/input/kag2/rice/rice036arot.jpeg
672,/kaggle/input/kag2/rice/rice009ahf.jpeg,rice,2,kaggle/input/kag2/rice/rice009ahf.jpeg
673,/kaggle/input/kag2/rice/rice011a.jpeg,rice,2,kaggle/input/kag2/rice/rice011a.jpeg
674,/kaggle/input/kag2/rice/rice005arot.jpeg,rice,2,kaggle/input/kag2/rice/rice005arot.jpeg
675,/kaggle/input/kag2/rice/rice026ahs.jpeg,rice,2,kaggle/input/kag2/rice/rice026ahs.jpeg
676,/kaggle/input/kag2/rice/rice021a.jpeg,rice,2,kaggle/input/kag2/rice/rice021a.jpeg
677,/kaggle/input/kag2/rice/rice022a.jpeg,rice,2,kaggle/input/kag2/rice/rice022a.jpeg
678,/kaggle/input/kag2/rice/rice024arot.jpeg,rice,2,kaggle/input/kag2/rice/rice024arot.jpeg
679,/kaggle/input/kag2/rice/rice034ahs.jpeg,rice,2,kaggle/input/kag2/rice/rice034ahs.jpeg
680,/kaggle/input/kag2/rice/rice005ahf.jpeg,rice,2,kaggle/input/kag2/rice/rice005ahf.jpeg
681,/kaggle/input/kag2/rice/rice036a.jpeg,rice,2,kaggle/input/kag2/rice/rice036a.jpeg
682,/kaggle/input/kag2/rice/rice012ahs.jpeg,rice,2,kaggle/input/kag2/rice/rice012ahs.jpeg
683,/kaggle/input/kag2/rice/rice001a.jpeg,rice,2,kaggle/input/kag2/rice/rice001a.jpeg
684,/kaggle/input/kag2/rice/rice028ahs.jpeg,rice,2,kaggle/input/kag2/rice/rice028ahs.jpeg
685,/kaggle/input/kag2/rice/rice031ahs.jpeg,rice,2,kaggle/input/kag2/rice/rice031ahs.jpeg
686,/kaggle/input/kag2/rice/rice029arot.jpeg,rice,2,kaggle/input/kag2/rice/rice029arot.jpeg
687,/kaggle/input/kag2/rice/rice005a.jpeg,rice,2,kaggle/input/kag2/rice/rice005a.jpeg
688,/kaggle/input/kag2/rice/rice007a.jpeg,rice,2,kaggle/input/kag2/rice/rice007a.jpeg
689,/kaggle/input/kag2/rice/rice029a.jpeg,rice,2,kaggle/input/kag2/rice/rice029a.jpeg
690,/kaggle/input/kag2/rice/rice003arot.jpeg,rice,2,kaggle/input/kag2/rice/rice003arot.jpeg
691,/kaggle/input/kag2/rice/rice031arot.jpeg,rice,2,kaggle/input/kag2/rice/rice031arot.jpeg
692,/kaggle/input/kag2/rice/rice004arot.jpeg,rice,2,kaggle/input/kag2/rice/rice004arot.jpeg
693,/kaggle/input/kag2/rice/rice007arot.jpeg,rice,2,kaggle/input/kag2/rice/rice007arot.jpeg
694,/kaggle/input/kag2/rice/rice007ahs.jpeg,rice,2,kaggle/input/kag2/rice/rice007ahs.jpeg
695,/kaggle/input/kag2/rice/rice040ahf.jpeg,rice,2,kaggle/input/kag2/rice/rice040ahf.jpeg
696,/kaggle/input/kag2/rice/rice028a.jpeg,rice,2,kaggle/input/kag2/rice/rice028a.jpeg
697,/kaggle/input/kag2/rice/rice014a.jpeg,rice,2,kaggle/input/kag2/rice/rice014a.jpeg
698,/kaggle/input/kag2/rice/rice038arot.jpeg,rice,2,kaggle/input/kag2/rice/rice038arot.jpeg
699,/kaggle/input/kag2/rice/rice002ahs.jpeg,rice,2,kaggle/input/kag2/rice/rice002ahs.jpeg
700,/kaggle/input/kag2/rice/rice019ahf.jpeg,rice,2,kaggle/input/kag2/rice/rice019ahf.jpeg
701,/kaggle/input/kag2/rice/rice036ahs.jpeg,rice,2,kaggle/input/kag2/rice/rice036ahs.jpeg
702,/kaggle/input/kag2/rice/rice003a.jpeg,rice,2,kaggle/input/kag2/rice/rice003a.jpeg
703,/kaggle/input/kag2/rice/rice029ahf.jpeg,rice,2,kaggle/input/kag2/rice/rice029ahf.jpeg
704,/kaggle/input/kag2/rice/rice038a.jpeg,rice,2,kaggle/input/kag2/rice/rice038a.jpeg
705,/kaggle/input/kag2/rice/rice004ahf.jpeg,rice,2,kaggle/input/kag2/rice/rice004ahf.jpeg
706,/kaggle/input/kag2/rice/rice023a.jpeg,rice,2,kaggle/input/kag2/rice/rice023a.jpeg
707,/kaggle/input/kag2/rice/rice039a.jpeg,rice,2,kaggle/input/kag2/rice/rice039a.jpeg
708,/kaggle/input/kag2/rice/rice003ahs.jpeg,rice,2,kaggle/input/kag2/rice/rice003ahs.jpeg
709,/kaggle/input/kag2/rice/rice023ahs.jpeg,rice,2,kaggle/input/kag2/rice/rice023ahs.jpeg
710,/kaggle/input/kag2/rice/rice008ahf.jpeg,rice,2,kaggle/input/kag2/rice/rice008ahf.jpeg
711,/kaggle/input/kag2/rice/rice025ahf.jpeg,rice,2,kaggle/input/kag2/rice/rice025ahf.jpeg
712,/kaggle/input/kag2/rice/rice030ahf.jpeg,rice,2,kaggle/input/kag2/rice/rice030ahf.jpeg
713,/kaggle/input/kag2/rice/rice017ahs.jpeg,rice,2,kaggle/input/kag2/rice/rice017ahs.jpeg
714,/kaggle/input/kag2/rice/rice031a.jpeg,rice,2,kaggle/input/kag2/rice/rice031a.jpeg
715,/kaggle/input/kag2/rice/rice026ahf.jpeg,rice,2,kaggle/input/kag2/rice/rice026ahf.jpeg
716,/kaggle/input/kag2/rice/rice040ahs.jpeg,rice,2,kaggle/input/kag2/rice/rice040ahs.jpeg
717,/kaggle/input/kag2/rice/rice005ahs.jpeg,rice,2,kaggle/input/kag2/rice/rice005ahs.jpeg
718,/kaggle/input/kag2/rice/rice010a.jpeg,rice,2,kaggle/input/kag2/rice/rice010a.jpeg
719,/kaggle/input/kag2/rice/rice030a.jpeg,rice,2,kaggle/input/kag2/rice/rice030a.jpeg
720,/kaggle/input/kag2/rice/rice009a.jpeg,rice,2,kaggle/input/kag2/rice/rice009a.jpeg
721,/kaggle/input/kag2/rice/rice029ahs.jpeg,rice,2,kaggle/input/kag2/rice/rice029ahs.jpeg
722,/kaggle/input/kag2/rice/rice003ahf.jpeg,rice,2,kaggle/input/kag2/rice/rice003ahf.jpeg
723,/kaggle/input/kag2/rice/rice013ahs.jpeg,rice,2,kaggle/input/kag2/rice/rice013ahs.jpeg
724,/kaggle/input/kag2/rice/rice016ahs.jpeg,rice,2,kaggle/input/kag2/rice/rice016ahs.jpeg
725,/kaggle/input/kag2/rice/rice022ahf.jpeg,rice,2,kaggle/input/kag2/rice/rice022ahf.jpeg
726,/kaggle/input/kag2/rice/rice013arot.jpeg,rice,2,kaggle/input/kag2/rice/rice013arot.jpeg
727,/kaggle/input/kag2/rice/rice032ahs.jpeg,rice,2,kaggle/input/kag2/rice/rice032ahs.jpeg
728,/kaggle/input/kag2/rice/rice036ahf.jpeg,rice,2,kaggle/input/kag2/rice/rice036ahf.jpeg
729,/kaggle/input/kag2/rice/rice027ahf.jpeg,rice,2,kaggle/input/kag2/rice/rice027ahf.jpeg
730,/kaggle/input/kag2/rice/rice037ahs.jpeg,rice,2,kaggle/input/kag2/rice/rice037ahs.jpeg
731,/kaggle/input/kag2/rice/rice006arot.jpeg,rice,2,kaggle/input/kag2/rice/rice006arot.jpeg
732,/kaggle/input/kag2/rice/rice012arot.jpeg,rice,2,kaggle/input/kag2/rice/rice012arot.jpeg
733,/kaggle/input/kag2/rice/rice039ahf.jpeg,rice,2,kaggle/input/kag2/rice/rice039ahf.jpeg
734,/kaggle/input/kag2/rice/rice040a.jpeg,rice,2,kaggle/input/kag2/rice/rice040a.jpeg
735,/kaggle/input/kag2/rice/rice017arot.jpeg,rice,2,kaggle/input/kag2/rice/rice017arot.jpeg
736,/kaggle/input/kag2/rice/rice028ahf.jpeg,rice,2,kaggle/input/kag2/rice/rice028ahf.jpeg
737,/kaggle/input/kag2/rice/rice034ahf.jpeg,rice,2,kaggle/input/kag2/rice/rice034ahf.jpeg
738,/kaggle/input/kag2/rice/rice020arot.jpeg,rice,2,kaggle/input/kag2/rice/rice020arot.jpeg
739,/kaggle/input/kag2/rice/rice025a.jpeg,rice,2,kaggle/input/kag2/rice/rice025a.jpeg
740,/kaggle/input/kag2/rice/rice004a.jpeg,rice,2,kaggle/input/kag2/rice/rice004a.jpeg
741,/kaggle/input/kag2/rice/rice032ahf.jpeg,rice,2,kaggle/input/kag2/rice/rice032ahf.jpeg
742,/kaggle/input/kag2/rice/rice026arot.jpeg,rice,2,kaggle/input/kag2/rice/rice026arot.jpeg
743,/kaggle/input/kag2/rice/rice016a.jpeg,rice,2,kaggle/input/kag2/rice/rice016a.jpeg
744,/kaggle/input/kag2/rice/rice025ahs.jpeg,rice,2,kaggle/input/kag2/rice/rice025ahs.jpeg
745,/kaggle/input/kag2/rice/rice039arot.jpeg,rice,2,kaggle/input/kag2/rice/rice039arot.jpeg
746,/kaggle/input/kag2/rice/rice023ahf.jpeg,rice,2,kaggle/input/kag2/rice/rice023ahf.jpeg
747,/kaggle/input/kag2/rice/rice040arot.jpeg,rice,2,kaggle/input/kag2/rice/rice040arot.jpeg
748,/kaggle/input/kag2/rice/rice019ahs.jpeg,rice,2,kaggle/input/kag2/rice/rice019ahs.jpeg
749,/kaggle/input/kag2/rice/rice007ahf.jpeg,rice,2,kaggle/input/kag2/rice/rice007ahf.jpeg
750,/kaggle/input/kag2/rice/rice035arot.jpeg,rice,2,kaggle/input/kag2/rice/rice035arot.jpeg
751,/kaggle/input/kag2/rice/rice028arot.jpeg,rice,2,kaggle/input/kag2/rice/rice028arot.jpeg
752,/kaggle/input/kag2/rice/rice026a.jpeg,rice,2,kaggle/input/kag2/rice/rice026a.jpeg
753,/kaggle/input/kag2/rice/rice008ahs.jpeg,rice,2,kaggle/input/kag2/rice/rice008ahs.jpeg
754,/kaggle/input/kag2/rice/rice032arot.jpeg,rice,2,kaggle/input/kag2/rice/rice032arot.jpeg
755,/kaggle/input/kag2/rice/rice024ahf.jpeg,rice,2,kaggle/input/kag2/rice/rice024ahf.jpeg
756,/kaggle/input/kag2/rice/rice035a.jpeg,rice,2,kaggle/input/kag2/rice/rice035a.jpeg
757,/kaggle/input/kag2/rice/rice022ahs.jpeg,rice,2,kaggle/input/kag2/rice/rice022ahs.jpeg
758,/kaggle/input/kag2/rice/rice030arot.jpeg,rice,2,kaggle/input/kag2/rice/rice030arot.jpeg
759,/kaggle/input/kag2/rice/rice011arot.jpeg,rice,2,kaggle/input/kag2/rice/rice011arot.jpeg
760,/kaggle/input/kag2/rice/rice011ahs.jpeg,rice,2,kaggle/input/kag2/rice/rice011ahs.jpeg
761,/kaggle/input/kag2/rice/rice034arot.jpeg,rice,2,kaggle/input/kag2/rice/rice034arot.jpeg
762,/kaggle/input/kag2/rice/rice021ahf.jpeg,rice,2,kaggle/input/kag2/rice/rice021ahf.jpeg
763,/kaggle/input/kag2/rice/rice014ahs.jpeg,rice,2,kaggle/input/kag2/rice/rice014ahs.jpeg
764,/kaggle/input/kag2/rice/rice006ahf.jpeg,rice,2,kaggle/input/kag2/rice/rice006ahf.jpeg
765,/kaggle/input/kag2/rice/rice008arot.jpeg,rice,2,kaggle/input/kag2/rice/rice008arot.jpeg
766,/kaggle/input/kag2/rice/rice009arot.jpeg,rice,2,kaggle/input/kag2/rice/rice009arot.jpeg
767,/kaggle/input/kag2/rice/rice016arot.jpeg,rice,2,kaggle/input/kag2/rice/rice016arot.jpeg
768,/kaggle/input/kag2/rice/rice010ahs.jpeg,rice,2,kaggle/input/kag2/rice/rice010ahs.jpeg
769,/kaggle/input/kag2/rice/rice021arot.jpeg,rice,2,kaggle/input/kag2/rice/rice021arot.jpeg
770,/kaggle/input/kag2/rice/rice018arot.jpeg,rice,2,kaggle/input/kag2/rice/rice018arot.jpeg
771,/kaggle/input/kag2/rice/rice020a.jpeg,rice,2,kaggle/input/kag2/rice/rice020a.jpeg
772,/kaggle/input/kag2/rice/rice009ahs.jpeg,rice,2,kaggle/input/kag2/rice/rice009ahs.jpeg
773,/kaggle/input/kag2/rice/rice027arot.jpeg,rice,2,kaggle/input/kag2/rice/rice027arot.jpeg
774,/kaggle/input/kag2/rice/rice017ahf.jpeg,rice,2,kaggle/input/kag2/rice/rice017ahf.jpeg
775,/kaggle/input/kag2/rice/rice001arot.jpeg,rice,2,kaggle/input/kag2/rice/rice001arot.jpeg
776,/kaggle/input/kag2/rice/rice033arot.jpeg,rice,2,kaggle/input/kag2/rice/rice033arot.jpeg
777,/kaggle/input/kag2/rice/rice020ahf.jpeg,rice,2,kaggle/input/kag2/rice/rice020ahf.jpeg
778,/kaggle/input/kag2/rice/rice015ahs.jpeg,rice,2,kaggle/input/kag2/rice/rice015ahs.jpeg
779,/kaggle/input/kag2/rice/rice015arot.jpeg,rice,2,kaggle/input/kag2/rice/rice015arot.jpeg
780,/kaggle/input/kag2/rice/rice014ahf.jpeg,rice,2,kaggle/input/kag2/rice/rice014ahf.jpeg
781,/kaggle/input/kag2/rice/rice038ahf.jpeg,rice,2,kaggle/input/kag2/rice/rice038ahf.jpeg
782,/kaggle/input/kag2/rice/rice006ahs.jpeg,rice,2,kaggle/input/kag2/rice/rice006ahs.jpeg
783,/kaggle/input/kag2/rice/rice004ahs.jpeg,rice,2,kaggle/input/kag2/rice/rice004ahs.jpeg
784,/kaggle/input/kag2/rice/rice018a.jpeg,rice,2,kaggle/input/kag2/rice/rice018a.jpeg
785,/kaggle/input/kag2/rice/rice035ahf.jpeg,rice,2,kaggle/input/kag2/rice/rice035ahf.jpeg
786,/kaggle/input/kag2/rice/rice030ahs.jpeg,rice,2,kaggle/input/kag2/rice/rice030ahs.jpeg
787,/kaggle/input/kag2/rice/rice021ahs.jpeg,rice,2,kaggle/input/kag2/rice/rice021ahs.jpeg
788,/kaggle/input/kag2/rice/rice016ahf.jpeg,rice,2,kaggle/input/kag2/rice/rice016ahf.jpeg
789,/kaggle/input/kag2/rice/rice027a.jpeg,rice,2,kaggle/input/kag2/rice/rice027a.jpeg
790,/kaggle/input/kag2/rice/rice031ahf.jpeg,rice,2,kaggle/input/kag2/rice/rice031ahf.jpeg
791,/kaggle/input/kag2/rice/rice022arot.jpeg,rice,2,kaggle/input/kag2/rice/rice022arot.jpeg
792,/kaggle/input/kag2/rice/rice015a.jpeg,rice,2,kaggle/input/kag2/rice/rice015a.jpeg
793,/kaggle/input/kag2/rice/rice034a.jpeg,rice,2,kaggle/input/kag2/rice/rice034a.jpeg
794,/kaggle/input/kag2/rice/rice019arot.jpeg,rice,2,kaggle/input/kag2/rice/rice019arot.jpeg
795,/kaggle/input/kag2/rice/rice038ahs.jpeg,rice,2,kaggle/input/kag2/rice/rice038ahs.jpeg
796,/kaggle/input/kag2/rice/rice018ahs.jpeg,rice,2,kaggle/input/kag2/rice/rice018ahs.jpeg
797,/kaggle/input/kag2/rice/rice032a.jpeg,rice,2,kaggle/input/kag2/rice/rice032a.jpeg
798,/kaggle/input/crop_images/sugarcane/sugarcane034a.jpeg,sugarcane,3,kaggle/input/crop_images/sugarcane/sugarcane034a.jpeg
799,/kaggle/input/crop_images/sugarcane/sugarcane026a.jpeg,sugarcane,3,kaggle/input/crop_images/sugarcane/sugarcane026a.jpeg
800,/kaggle/input/crop_images/sugarcane/sugarcane014a.jpeg,sugarcane,3,kaggle/input/crop_images/sugarcane/sugarcane014a.jpeg
801,/kaggle/input/crop_images/sugarcane/sugarcane028a.jpeg,sugarcane,3,kaggle/input/crop_images/sugarcane/sugarcane028a.jpeg
802,/kaggle/input/crop_images/sugarcane/sugarcane027a.jpeg,sugarcane,3,kaggle/input/crop_images/sugarcane/sugarcane027a.jpeg
803,/kaggle/input/crop_images/sugarcane/sugarcane009a.jpeg,sugarcane,3,kaggle/input/crop_images/sugarcane/sugarcane009a.jpeg
804,/kaggle/input/crop_images/sugarcane/sugarcane031a.jpeg,sugarcane,3,kaggle/input/crop_images/sugarcane/sugarcane031a.jpeg
805,/kaggle/input/crop_images/sugarcane/sugarcane016a.jpeg,sugarcane,3,kaggle/input/crop_images/sugarcane/sugarcane016a.jpeg
806,/kaggle/input/crop_images/sugarcane/sugarcane0011a.jpeg,sugarcane,3,kaggle/input/crop_images/sugarcane/sugarcane0011a.jpeg
807,/kaggle/input/crop_images/sugarcane/sugarcane030a.jpeg,sugarcane,3,kaggle/input/crop_images/sugarcane/sugarcane030a.jpeg
808,/kaggle/input/crop_images/sugarcane/sugarcane040a.jpeg,sugarcane,3,kaggle/input/crop_images/sugarcane/sugarcane040a.jpeg
809,/kaggle/input/crop_images/sugarcane/sugarcane032a.jpeg,sugarcane,3,kaggle/input/crop_images/sugarcane/sugarcane032a.jpeg
810,/kaggle/input/crop_images/sugarcane/sugarcane037a.jpeg,sugarcane,3,kaggle/input/crop_images/sugarcane/sugarcane037a.jpeg
811,/kaggle/input/crop_images/sugarcane/sugarcane020a.jpeg,sugarcane,3,kaggle/input/crop_images/sugarcane/sugarcane020a.jpeg
812,/kaggle/input/crop_images/sugarcane/sugarcane024a.jpeg,sugarcane,3,kaggle/input/crop_images/sugarcane/sugarcane024a.jpeg
813,/kaggle/input/crop_images/sugarcane/sugarcane035a.jpeg,sugarcane,3,kaggle/input/crop_images/sugarcane/sugarcane035a.jpeg
814,/kaggle/input/crop_images/sugarcane/sugarcane013a.jpeg,sugarcane,3,kaggle/input/crop_images/sugarcane/sugarcane013a.jpeg
815,/kaggle/input/crop_images/sugarcane/sugarcane0004a.jpeg,sugarcane,3,kaggle/input/crop_images/sugarcane/sugarcane0004a.jpeg
816,/kaggle/input/crop_images/sugarcane/sugarcane018a.jpeg,sugarcane,3,kaggle/input/crop_images/sugarcane/sugarcane018a.jpeg
817,/kaggle/input/crop_images/sugarcane/sugarcane025a.jpeg,sugarcane,3,kaggle/input/crop_images/sugarcane/sugarcane025a.jpeg
818,/kaggle/input/crop_images/sugarcane/sugarcane038a.jpeg,sugarcane,3,kaggle/input/crop_images/sugarcane/sugarcane038a.jpeg
819,/kaggle/input/crop_images/sugarcane/sugarcane029a.jpeg,sugarcane,3,kaggle/input/crop_images/sugarcane/sugarcane029a.jpeg
820,/kaggle/input/crop_images/sugarcane/sugarcane019a.jpeg,sugarcane,3,kaggle/input/crop_images/sugarcane/sugarcane019a.jpeg
821,/kaggle/input/crop_images/sugarcane/sugarcane0003a.jpeg,sugarcane,3,kaggle/input/crop_images/sugarcane/sugarcane0003a.jpeg
822,/kaggle/input/crop_images/sugarcane/sugarcane008a.jpeg,sugarcane,3,kaggle/input/crop_images/sugarcane/sugarcane008a.jpeg
823,/kaggle/input/crop_images/sugarcane/sugarcane012a.jpeg,sugarcane,3,kaggle/input/crop_images/sugarcane/sugarcane012a.jpeg
824,/kaggle/input/crop_images/sugarcane/sugarcane017a.jpeg,sugarcane,3,kaggle/input/crop_images/sugarcane/sugarcane017a.jpeg
825,/kaggle/input/crop_images/sugarcane/sugarcane022a.jpeg,sugarcane,3,kaggle/input/crop_images/sugarcane/sugarcane022a.jpeg
826,/kaggle/input/crop_images/sugarcane/sugarcane039a.jpeg,sugarcane,3,kaggle/input/crop_images/sugarcane/sugarcane039a.jpeg
827,/kaggle/input/crop_images/sugarcane/sugarcane023a.jpeg,sugarcane,3,kaggle/input/crop_images/sugarcane/sugarcane023a.jpeg
828,/kaggle/input/crop_images/sugarcane/sugarcane036a.jpeg,sugarcane,3,kaggle/input/crop_images/sugarcane/sugarcane036a.jpeg
829,/kaggle/input/crop_images/sugarcane/sugarcane0002a.jpeg,sugarcane,3,kaggle/input/crop_images/sugarcane/sugarcane0002a.jpeg
830,/kaggle/input/crop_images/sugarcane/sugarcane006a.jpeg,sugarcane,3,kaggle/input/crop_images/sugarcane/sugarcane006a.jpeg
831,/kaggle/input/crop_images/sugarcane/sugarcane033a.jpeg,sugarcane,3,kaggle/input/crop_images/sugarcane/sugarcane033a.jpeg
832,/kaggle/input/crop_images/sugarcane/sugarcane0001a.jpeg,sugarcane,3,kaggle/input/crop_images/sugarcane/sugarcane0001a.jpeg
833,/kaggle/input/crop_images/sugarcane/sugarcane0010a.jpeg,sugarcane,3,kaggle/input/crop_images/sugarcane/sugarcane0010a.jpeg
834,/kaggle/input/crop_images/sugarcane/sugarcane007a.jpeg,sugarcane,3,kaggle/input/crop_images/sugarcane/sugarcane007a.jpeg
835,/kaggle/input/crop_images/sugarcane/sugarcane015a.jpeg,sugarcane,3,kaggle/input/crop_images/sugarcane/sugarcane015a.jpeg
836,/kaggle/input/crop_images/sugarcane/sugarcane021a.jpeg,sugarcane,3,kaggle/input/crop_images/sugarcane/sugarcane021a.jpeg
837,/kaggle/input/crop_images/sugarcane/sugarcane005a.jpeg,sugarcane,3,kaggle/input/crop_images/sugarcane/sugarcane005a.jpeg
838,/kaggle/input/crop_images/wheat/wheat0004a.jpeg,wheat,4,kaggle/input/crop_images/wheat/wheat0004a.jpeg
839,/kaggle/input/crop_images/wheat/wheat017a.jpeg,wheat,4,kaggle/input/crop_images/wheat/wheat017a.jpeg
840,/kaggle/input/crop_images/wheat/wheat004a.jpeg,wheat,4,kaggle/input/crop_images/wheat/wheat004a.jpeg
841,/kaggle/input/crop_images/wheat/wheat023a.jpeg,wheat,4,kaggle/input/crop_images/wheat/wheat023a.jpeg
842,/kaggle/input/crop_images/wheat/wheat037a.jpeg,wheat,4,kaggle/input/crop_images/wheat/wheat037a.jpeg
843,/kaggle/input/crop_images/wheat/wheat018a.jpeg,wheat,4,kaggle/input/crop_images/wheat/wheat018a.jpeg
844,/kaggle/input/crop_images/wheat/wheat011.jpeg,wheat,4,kaggle/input/crop_images/wheat/wheat011.jpeg
845,/kaggle/input/crop_images/wheat/wheat030a.jpeg,wheat,4,kaggle/input/crop_images/wheat/wheat030a.jpeg
846,/kaggle/input/crop_images/wheat/wheat009a.jpeg,wheat,4,kaggle/input/crop_images/wheat/wheat009a.jpeg
847,/kaggle/input/crop_images/wheat/wheat038a.jpeg,wheat,4,kaggle/input/crop_images/wheat/wheat038a.jpeg
848,/kaggle/input/crop_images/wheat/wheat016a.jpeg,wheat,4,kaggle/input/crop_images/wheat/wheat016a.jpeg
849,/kaggle/input/crop_images/wheat/wheat007a.jpeg,wheat,4,kaggle/input/crop_images/wheat/wheat007a.jpeg
850,/kaggle/input/crop_images/wheat/wheat026a.jpeg,wheat,4,kaggle/input/crop_images/wheat/wheat026a.jpeg
851,/kaggle/input/crop_images/wheat/wheat035a.jpeg,wheat,4,kaggle/input/crop_images/wheat/wheat035a.jpeg
852,/kaggle/input/crop_images/wheat/wheat034a.jpeg,wheat,4,kaggle/input/crop_images/wheat/wheat034a.jpeg
853,/kaggle/input/crop_images/wheat/wheat020a.jpeg,wheat,4,kaggle/input/crop_images/wheat/wheat020a.jpeg
854,/kaggle/input/crop_images/wheat/wheat021a.jpeg,wheat,4,kaggle/input/crop_images/wheat/wheat021a.jpeg
855,/kaggle/input/crop_images/wheat/wheat0001a.jpeg,wheat,4,kaggle/input/crop_images/wheat/wheat0001a.jpeg
856,/kaggle/input/crop_images/wheat/wheat013a.jpeg,wheat,4,kaggle/input/crop_images/wheat/wheat013a.jpeg
857,/kaggle/input/crop_images/wheat/wheat005a.jpeg,wheat,4,kaggle/input/crop_images/wheat/wheat005a.jpeg
858,/kaggle/input/crop_images/wheat/wheat015a.jpeg,wheat,4,kaggle/input/crop_images/wheat/wheat015a.jpeg
859,/kaggle/input/crop_images/wheat/wheat031a.jpeg,wheat,4,kaggle/input/crop_images/wheat/wheat031a.jpeg
860,/kaggle/input/crop_images/wheat/wheat025a.jpeg,wheat,4,kaggle/input/crop_images/wheat/wheat025a.jpeg
861,/kaggle/input/crop_images/wheat/wheat032a.jpeg,wheat,4,kaggle/input/crop_images/wheat/wheat032a.jpeg
862,/kaggle/input/crop_images/wheat/wheat039a.jpeg,wheat,4,kaggle/input/crop_images/wheat/wheat039a.jpeg
863,/kaggle/input/crop_images/wheat/wheat014a.jpeg,wheat,4,kaggle/input/crop_images/wheat/wheat014a.jpeg
864,/kaggle/input/crop_images/wheat/wheat012a.jpeg,wheat,4,kaggle/input/crop_images/wheat/wheat012a.jpeg
865,/kaggle/input/crop_images/wheat/wheat040a.jpeg,wheat,4,kaggle/input/crop_images/wheat/wheat040a.jpeg
866,/kaggle/input/crop_images/wheat/wheat036a.jpeg,wheat,4,kaggle/input/crop_images/wheat/wheat036a.jpeg
867,/kaggle/input/crop_images/wheat/wheat008a.jpeg,wheat,4,kaggle/input/crop_images/wheat/wheat008a.jpeg
868,/kaggle/input/crop_images/wheat/wheat006a.jpeg,wheat,4,kaggle/input/crop_images/wheat/wheat006a.jpeg
869,/kaggle/input/crop_images/wheat/wheat022a.jpeg,wheat,4,kaggle/input/crop_images/wheat/wheat022a.jpeg
870,/kaggle/input/crop_images/wheat/wheat027a.jpeg,wheat,4,kaggle/input/crop_images/wheat/wheat027a.jpeg
871,/kaggle/input/crop_images/wheat/wheat033a.jpeg,wheat,4,kaggle/input/crop_images/wheat/wheat033a.jpeg
872,/kaggle/input/crop_images/wheat/wheat010a.jpeg,wheat,4,kaggle/input/crop_images/wheat/wheat010a.jpeg
873,/kaggle/input/crop_images/wheat/wheat019a.jpeg,wheat,4,kaggle/input/crop_images/wheat/wheat019a.jpeg
874,/kaggle/input/crop_images/wheat/wheat028a.jpeg,wheat,4,kaggle/input/crop_images/wheat/wheat028a.jpeg
875,/kaggle/input/crop_images/wheat/wheat029a.jpeg,wheat,4,kaggle/input/crop_images/wheat/wheat029a.jpeg
876,/kaggle/input/crop_images/wheat/wheat024a.jpeg,wheat,4,kaggle/input/crop_images/wheat/wheat024a.jpeg
877,/kaggle/input/crop_images/wheat/wheat003.jpeg,wheat,4,kaggle/input/crop_images/wheat/wheat003.jpeg
878,/kaggle/input/crop_images/wheat/wheat0002a.jpeg,wheat,4,kaggle/input/crop_images/wheat/wheat0002a.jpeg
879,/kaggle/input/crop_images/jute/jute003a.jpeg,jute,0,kaggle/input/crop_images/jute/jute003a.jpeg
880,/kaggle/input/crop_images/jute/jute033a.jpeg,jute,0,kaggle/input/crop_images/jute/jute033a.jpeg
881,/kaggle/input/crop_images/jute/jute028a.jpeg,jute,0,kaggle/input/crop_images/jute/jute028a.jpeg
882,/kaggle/input/crop_images/jute/jute018a.jpeg,jute,0,kaggle/input/crop_images/jute/jute018a.jpeg
883,/kaggle/input/crop_images/jute/jute034a.jpeg,jute,0,kaggle/input/crop_images/jute/jute034a.jpeg
884,/kaggle/input/crop_images/jute/jute023a.jpeg,jute,0,kaggle/input/crop_images/jute/jute023a.jpeg
885,/kaggle/input/crop_images/jute/jute022a.jpeg,jute,0,kaggle/input/crop_images/jute/jute022a.jpeg
886,/kaggle/input/crop_images/jute/jute002a.jpeg,jute,0,kaggle/input/crop_images/jute/jute002a.jpeg
887,/kaggle/input/crop_images/jute/jute026a.jpeg,jute,0,kaggle/input/crop_images/jute/jute026a.jpeg
888,/kaggle/input/crop_images/jute/jute030a.jpeg,jute,0,kaggle/input/crop_images/jute/jute030a.jpeg
889,/kaggle/input/crop_images/jute/jute006a.jpeg,jute,0,kaggle/input/crop_images/jute/jute006a.jpeg
890,/kaggle/input/crop_images/jute/jute031a.jpeg,jute,0,kaggle/input/crop_images/jute/jute031a.jpeg
891,/kaggle/input/crop_images/jute/jute007a.jpeg,jute,0,kaggle/input/crop_images/jute/jute007a.jpeg
892,/kaggle/input/crop_images/jute/jute009a.jpeg,jute,0,kaggle/input/crop_images/jute/jute009a.jpeg
893,/kaggle/input/crop_images/jute/jute012a.jpeg,jute,0,kaggle/input/crop_images/jute/jute012a.jpeg
894,/kaggle/input/crop_images/jute/jute014a.jpeg,jute,0,kaggle/input/crop_images/jute/jute014a.jpeg
895,/kaggle/input/crop_images/jute/jute027a.jpeg,jute,0,kaggle/input/crop_images/jute/jute027a.jpeg
896,/kaggle/input/crop_images/jute/jute035a.jpeg,jute,0,kaggle/input/crop_images/jute/jute035a.jpeg
897,/kaggle/input/crop_images/jute/jute001a.jpeg,jute,0,kaggle/input/crop_images/jute/jute001a.jpeg
898,/kaggle/input/crop_images/jute/jute013a.jpeg,jute,0,kaggle/input/crop_images/jute/jute013a.jpeg
899,/kaggle/input/crop_images/jute/jute032a.jpeg,jute,0,kaggle/input/crop_images/jute/jute032a.jpeg
900,/kaggle/input/crop_images/jute/jute004a.jpeg,jute,0,kaggle/input/crop_images/jute/jute004a.jpeg
901,/kaggle/input/crop_images/jute/jute024a.jpeg,jute,0,kaggle/input/crop_images/jute/jute024a.jpeg
902,/kaggle/input/crop_images/jute/jute016a.jpeg,jute,0,kaggle/input/crop_images/jute/jute016a.jpeg
903,/kaggle/input/crop_images/jute/jute021a.jpeg,jute,0,kaggle/input/crop_images/jute/jute021a.jpeg
904,/kaggle/input/crop_images/jute/jute037a.jpeg,jute,0,kaggle/input/crop_images/jute/jute037a.jpeg
905,/kaggle/input/crop_images/jute/jute038a.jpeg,jute,0,kaggle/input/crop_images/jute/jute038a.jpeg
906,/kaggle/input/crop_images/jute/jute029a.jpeg,jute,0,kaggle/input/crop_images/jute/jute029a.jpeg
907,/kaggle/input/crop_images/jute/jute005a.jpeg,jute,0,kaggle/input/crop_images/jute/jute005a.jpeg
908,/kaggle/input/crop_images/jute/jute036a.jpeg,jute,0,kaggle/input/crop_images/jute/jute036a.jpeg
909,/kaggle/input/crop_images/jute/jute025a.jpeg,jute,0,kaggle/input/crop_images/jute/jute025a.jpeg
910,/kaggle/input/crop_images/jute/jute011a.jpeg,jute,0,kaggle/input/crop_images/jute/jute011a.jpeg
911,/kaggle/input/crop_images/jute/jute040a.jpeg,jute,0,kaggle/input/crop_images/jute/jute040a.jpeg
912,/kaggle/input/crop_images/jute/jute039a.jpeg,jute,0,kaggle/input/crop_images/jute/jute039a.jpeg
913,/kaggle/input/crop_images/jute/jute017a.jpeg,jute,0,kaggle/input/crop_images/jute/jute017a.jpeg
914,/kaggle/input/crop_images/jute/jute008a.jpeg,jute,0,kaggle/input/crop_images/jute/jute008a.jpeg
915,/kaggle/input/crop_images/jute/jute015a.jpeg,jute,0,kaggle/input/crop_images/jute/jute015a.jpeg
916,/kaggle/input/crop_images/jute/jute010a.jpeg,jute,0,kaggle/input/crop_images/jute/jute010a.jpeg
917,/kaggle/input/crop_images/jute/jute020a.jpeg,jute,0,kaggle/input/crop_images/jute/jute020a.jpeg
918,/kaggle/input/crop_images/jute/jute019a.jpeg,jute,0,kaggle/input/crop_images/jute/jute019a.jpeg
919,/kaggle/input/crop_images/maize/maize008a.jpeg,maize,1,kaggle/input/crop_images/maize/maize008a.jpeg
920,/kaggle/input/crop_images/maize/maize039a.jpeg,maize,1,kaggle/input/crop_images/maize/maize039a.jpeg
921,/kaggle/input/crop_images/maize/maize019a.jpeg,maize,1,kaggle/input/crop_images/maize/maize019a.jpeg
922,/kaggle/input/crop_images/maize/maize032a.jpeg,maize,1,kaggle/input/crop_images/maize/maize032a.jpeg
923,/kaggle/input/crop_images/maize/maize018a.jpeg,maize,1,kaggle/input/crop_images/maize/maize018a.jpeg
924,/kaggle/input/crop_images/maize/maize037a.jpeg,maize,1,kaggle/input/crop_images/maize/maize037a.jpeg
925,/kaggle/input/crop_images/maize/maize036a.jpeg,maize,1,kaggle/input/crop_images/maize/maize036a.jpeg
926,/kaggle/input/crop_images/maize/maize009a.jpeg,maize,1,kaggle/input/crop_images/maize/maize009a.jpeg
927,/kaggle/input/crop_images/maize/maize023a.jpeg,maize,1,kaggle/input/crop_images/maize/maize023a.jpeg
928,/kaggle/input/crop_images/maize/maize034a.jpeg,maize,1,kaggle/input/crop_images/maize/maize034a.jpeg
929,/kaggle/input/crop_images/maize/maize027a.jpeg,maize,1,kaggle/input/crop_images/maize/maize027a.jpeg
930,/kaggle/input/crop_images/maize/maize017a.jpeg,maize,1,kaggle/input/crop_images/maize/maize017a.jpeg
931,/kaggle/input/crop_images/maize/maize035a.jpeg,maize,1,kaggle/input/crop_images/maize/maize035a.jpeg
932,/kaggle/input/crop_images/maize/maize010a.jpeg,maize,1,kaggle/input/crop_images/maize/maize010a.jpeg
933,/kaggle/input/crop_images/maize/maize020a.jpeg,maize,1,kaggle/input/crop_images/maize/maize020a.jpeg
934,/kaggle/input/crop_images/maize/maize007.jpeg,maize,1,kaggle/input/crop_images/maize/maize007.jpeg
935,/kaggle/input/crop_images/maize/maize021a.jpeg,maize,1,kaggle/input/crop_images/maize/maize021a.jpeg
936,/kaggle/input/crop_images/maize/maize029a.jpeg,maize,1,kaggle/input/crop_images/maize/maize029a.jpeg
937,/kaggle/input/crop_images/maize/maize024a.jpeg,maize,1,kaggle/input/crop_images/maize/maize024a.jpeg
938,/kaggle/input/crop_images/maize/maize002a.jpeg,maize,1,kaggle/input/crop_images/maize/maize002a.jpeg
939,/kaggle/input/crop_images/maize/maize011a.jpeg,maize,1,kaggle/input/crop_images/maize/maize011a.jpeg
940,/kaggle/input/crop_images/maize/maize030a.jpeg,maize,1,kaggle/input/crop_images/maize/maize030a.jpeg
941,/kaggle/input/crop_images/maize/maize006.jpeg,maize,1,kaggle/input/crop_images/maize/maize006.jpeg
942,/kaggle/input/crop_images/maize/maize016a.jpeg,maize,1,kaggle/input/crop_images/maize/maize016a.jpeg
943,/kaggle/input/crop_images/maize/maize025a.jpeg,maize,1,kaggle/input/crop_images/maize/maize025a.jpeg
944,/kaggle/input/crop_images/maize/maize005a.jpeg,maize,1,kaggle/input/crop_images/maize/maize005a.jpeg
945,/kaggle/input/crop_images/maize/maize031a.jpeg,maize,1,kaggle/input/crop_images/maize/maize031a.jpeg
946,/kaggle/input/crop_images/maize/maize026a.jpeg,maize,1,kaggle/input/crop_images/maize/maize026a.jpeg
947,/kaggle/input/crop_images/maize/maize003a.jpeg,maize,1,kaggle/input/crop_images/maize/maize003a.jpeg
948,/kaggle/input/crop_images/maize/maize013a.jpeg,maize,1,kaggle/input/crop_images/maize/maize013a.jpeg
949,/kaggle/input/crop_images/maize/maize014.jpeg,maize,1,kaggle/input/crop_images/maize/maize014.jpeg
950,/kaggle/input/crop_images/maize/maize028a.jpeg,maize,1,kaggle/input/crop_images/maize/maize028a.jpeg
951,/kaggle/input/crop_images/maize/maize001a.jpeg,maize,1,kaggle/input/crop_images/maize/maize001a.jpeg
952,/kaggle/input/crop_images/maize/maize015a.jpeg,maize,1,kaggle/input/crop_images/maize/maize015a.jpeg
953,/kaggle/input/crop_images/maize/maize033a.jpeg,maize,1,kaggle/input/crop_images/maize/maize033a.jpeg
954,/kaggle/input/crop_images/maize/maize012a.jpeg,maize,1,kaggle/input/crop_images/maize/maize012a.jpeg
955,/kaggle/input/crop_images/maize/maize022a.jpeg,maize,1,kaggle/input/crop_images/maize/maize022a.jpeg
956,/kaggle/input/crop_images/maize/maize038a.jpeg,maize,1,kaggle/input/crop_images/maize/maize038a.jpeg
957,/kaggle/input/crop_images/maize/maize004a.jpeg,maize,1,kaggle/input/crop_images/maize/maize004a.jpeg
958,/kaggle/input/crop_images/maize/maize040a.jpeg,maize,1,kaggle/input/crop_images/maize/maize040a.jpeg
959,/kaggle/input/crop_images/rice/rice002a.jpeg,rice,2,kaggle/input/crop_images/rice/rice002a.jpeg
960,/kaggle/input/crop_images/rice/rice006a.jpeg,rice,2,kaggle/input/crop_images/rice/rice006a.jpeg
961,/kaggle/input/crop_images/rice/rice008a.jpeg,rice,2,kaggle/input/crop_images/rice/rice008a.jpeg
962,/kaggle/input/crop_images/rice/rice033a.jpeg,rice,2,kaggle/input/crop_images/rice/rice033a.jpeg
963,/kaggle/input/crop_images/rice/rice017a.jpeg,rice,2,kaggle/input/crop_images/rice/rice017a.jpeg
964,/kaggle/input/crop_images/rice/rice037a.jpeg,rice,2,kaggle/input/crop_images/rice/rice037a.jpeg
965,/kaggle/input/crop_images/rice/rice024a.jpeg,rice,2,kaggle/input/crop_images/rice/rice024a.jpeg
966,/kaggle/input/crop_images/rice/rice019a.jpeg,rice,2,kaggle/input/crop_images/rice/rice019a.jpeg
967,/kaggle/input/crop_images/rice/rice013a.jpeg,rice,2,kaggle/input/crop_images/rice/rice013a.jpeg
968,/kaggle/input/crop_images/rice/rice012a.jpeg,rice,2,kaggle/input/crop_images/rice/rice012a.jpeg
969,/kaggle/input/crop_images/rice/rice011a.jpeg,rice,2,kaggle/input/crop_images/rice/rice011a.jpeg
970,/kaggle/input/crop_images/rice/rice021a.jpeg,rice,2,kaggle/input/crop_images/rice/rice021a.jpeg
971,/kaggle/input/crop_images/rice/rice022a.jpeg,rice,2,kaggle/input/crop_images/rice/rice022a.jpeg
972,/kaggle/input/crop_images/rice/rice036a.jpeg,rice,2,kaggle/input/crop_images/rice/rice036a.jpeg
973,/kaggle/input/crop_images/rice/rice001a.jpeg,rice,2,kaggle/input/crop_images/rice/rice001a.jpeg
974,/kaggle/input/crop_images/rice/rice005a.jpeg,rice,2,kaggle/input/crop_images/rice/rice005a.jpeg
975,/kaggle/input/crop_images/rice/rice007a.jpeg,rice,2,kaggle/input/crop_images/rice/rice007a.jpeg
976,/kaggle/input/crop_images/rice/rice029a.jpeg,rice,2,kaggle/input/crop_images/rice/rice029a.jpeg
977,/kaggle/input/crop_images/rice/rice028a.jpeg,rice,2,kaggle/input/crop_images/rice/rice028a.jpeg
978,/kaggle/input/crop_images/rice/rice014a.jpeg,rice,2,kaggle/input/crop_images/rice/rice014a.jpeg
979,/kaggle/input/crop_images/rice/rice003a.jpeg,rice,2,kaggle/input/crop_images/rice/rice003a.jpeg
980,/kaggle/input/crop_images/rice/rice038a.jpeg,rice,2,kaggle/input/crop_images/rice/rice038a.jpeg
981,/kaggle/input/crop_images/rice/rice023a.jpeg,rice,2,kaggle/input/crop_images/rice/rice023a.jpeg
982,/kaggle/input/crop_images/rice/rice039a.jpeg,rice,2,kaggle/input/crop_images/rice/rice039a.jpeg
983,/kaggle/input/crop_images/rice/rice031a.jpeg,rice,2,kaggle/input/crop_images/rice/rice031a.jpeg
984,/kaggle/input/crop_images/rice/rice010a.jpeg,rice,2,kaggle/input/crop_images/rice/rice010a.jpeg
985,/kaggle/input/crop_images/rice/rice030a.jpeg,rice,2,kaggle/input/crop_images/rice/rice030a.jpeg
986,/kaggle/input/crop_images/rice/rice009a.jpeg,rice,2,kaggle/input/crop_images/rice/rice009a.jpeg
987,/kaggle/input/crop_images/rice/rice040a.jpeg,rice,2,kaggle/input/crop_images/rice/rice040a.jpeg
988,/kaggle/input/crop_images/rice/rice025a.jpeg,rice,2,kaggle/input/crop_images/rice/rice025a.jpeg
989,/kaggle/input/crop_images/rice/rice004a.jpeg,rice,2,kaggle/input/crop_images/rice/rice004a.jpeg
990,/kaggle/input/crop_images/rice/rice016a.jpeg,rice,2,kaggle/input/crop_images/rice/rice016a.jpeg
991,/kaggle/input/crop_images/rice/rice026a.jpeg,rice,2,kaggle/input/crop_images/rice/rice026a.jpeg
992,/kaggle/input/crop_images/rice/rice035a.jpeg,rice,2,kaggle/input/crop_images/rice/rice035a.jpeg
993,/kaggle/input/crop_images/rice/rice020a.jpeg,rice,2,kaggle/input/crop_images/rice/rice020a.jpeg
994,/kaggle/input/crop_images/rice/rice018a.jpeg,rice,2,kaggle/input/crop_images/rice/rice018a.jpeg
995,/kaggle/input/crop_images/rice/rice027a.jpeg,rice,2,kaggle/input/crop_images/rice/rice027a.jpeg
996,/kaggle/input/crop_images/rice/rice015a.jpeg,rice,2,kaggle/input/crop_images/rice/rice015a.jpeg
997,/kaggle/input/crop_images/rice/rice034a.jpeg,rice,2,kaggle/input/crop_images/rice/rice034a.jpeg
998,/kaggle/input/crop_images/rice/rice032a.jpeg,rice,2,kaggle/input/crop_images/rice/rice032a.jpeg
